,Compound,Media Outlet,Negative,Neutral,Number of Tweets Ago,Positive,Time,Tweet Text
0,-0.6249,@BBC,0.219,0.729,0,0.053,Sat Apr 21 23:29:53 +0000 2018,"@bbc new radio webpage is horrid on just about every level.
I DONT want to go back to  a programme I stopped listen‚Ä¶ https://t.co/VzkBuskd4E"
1,0.0,@BBC,0.0,1.0,1,0.0,Sat Apr 21 23:29:40 +0000 2018,"RT @AWAKEALERT: Max Keiser quit @BBC because he got strict orders 
""NOT TO MENTION #ISRAEL IN ANY CONTEXT""
""This kind of censorship leads t‚Ä¶"
2,-0.6523,@BBC,0.186,0.814,2,0.0,Sat Apr 21 23:29:31 +0000 2018,"RT @OLOV1571: I thought kidnapping/euthanasia were ILLEGAL in the UK? How, then, are UK hospitals getting away w/holding children hostage &amp;‚Ä¶"
3,0.0,@BBC,0.0,1.0,3,0.0,Sat Apr 21 23:29:19 +0000 2018,@dpa @AFPress @reuters @bbc #Catalonia #Catalogne https://t.co/KIS1OkrfOo
4,-0.8221,@BBC,0.39,0.61,4,0.0,Sat Apr 21 23:29:16 +0000 2018,RT @JamesHeartfield: Look at these whining @BBC journos moaning that 'online activists' are pushing 'conspiracy theories' and - shock! horr‚Ä¶
5,0.0,@BBC,0.0,1.0,5,0.0,Sat Apr 21 23:29:13 +0000 2018,"RT @Sitambarsingh1: #SaturdayMotivation 
#‡§ï‡§¨‡•Ä‡§∞ üëâ‡§Ö‡§µ‡§ß‡•Å ‡§Ö‡§µ‡§ø‡§ó‡§§ ‡§∏‡•á ‡§ö‡§≤ ‡§Ü‡§Ø‡§æ, 
‡§ï‡•ã‡§à ‡§Æ‡•á‡§∞‡§æ ‡§≠‡•á‡§¶ ‡§Æ‡§∞‡•ç‡§Æ ‡§®‡§π‡•Ä‡§Ç ‡§™‡§æ‡§Ø‡§æ‡•§‡•§‡§ü‡•á‡§ï‡•§‡•§
‡§®‡§æ ‡§Æ‡•á‡§∞‡§æ ‡§ú‡§®‡•ç‡§Æ ‡§® ‡§ó‡§∞‡•ç‡§≠ ‡§¨‡§∏‡•á‡§∞‡§æ, ‡§¨‡§æ‡§≤‡§ï‚Ä¶"
6,-0.4824,@BBC,0.23,0.646,6,0.124,Sat Apr 21 23:28:46 +0000 2018,RT @SJRWorld: TWITTER CENSORED MY ACCOUNT BECAUSE THEY CLAIM OF HATE SPEECH ' THAT IS ME SUPPORTING PALESTINE AND STANDING FOR THE ARAB/MUS‚Ä¶
7,0.0,@BBC,0.0,1.0,7,0.0,Sat Apr 21 23:27:43 +0000 2018,RT @BBC: ‚ù§Ô∏è#TimeForLove https://t.co/Dk2F3dDLPl
8,0.0,@BBC,0.0,1.0,8,0.0,Sat Apr 21 23:27:33 +0000 2018,RT @BBC: ‚ù§Ô∏è#TimeForLove https://t.co/Dk2F3dDLPl
9,0.0,@BBC,0.0,1.0,9,0.0,Sat Apr 21 23:27:16 +0000 2018,@tjparfitt cc @DerSPIEGEL @derfreitag @faznet @zeitonline @bild @cnn @AFP @washingtonpost @Reuters @AP @BBCNews‚Ä¶ https://t.co/Ml9JAxwy2N
10,0.0754,@BBC,0.17,0.686,10,0.144,Sat Apr 21 23:25:48 +0000 2018,"RT @CBhanger1: Robert Stuarts expose of @bbc role in the fake news media machine.
An absolutely wonderful ,rare piece of independent journa‚Ä¶"
11,0.0,@BBC,0.0,1.0,11,0.0,Sat Apr 21 23:24:53 +0000 2018,@SJRWorld @Independent @guardiannews @AJEnglish @BBC @intifada @Number10press Passport Coins &amp; Notes of #Palestine‚Ä¶ https://t.co/tTfSk8YD9l
12,0.4404,@BBC,0.0,0.791,12,0.209,Sat Apr 21 23:24:17 +0000 2018,"RT @BBC: üôå 1 year ago today the world became a better place.
#BBCdad https://t.co/Q5I70XxT7T"
13,-0.4824,@BBC,0.23,0.646,13,0.124,Sat Apr 21 23:22:11 +0000 2018,RT @SJRWorld: TWITTER CENSORED MY ACCOUNT BECAUSE THEY CLAIM OF HATE SPEECH ' THAT IS ME SUPPORTING PALESTINE AND STANDING FOR THE ARAB/MUS‚Ä¶
14,0.0,@BBC,0.0,1.0,14,0.0,Sat Apr 21 23:21:58 +0000 2018,"RT @AWAKEALERT: Max Keiser quit @BBC because he got strict orders 
""NOT TO MENTION #ISRAEL IN ANY CONTEXT""
""This kind of censorship leads t‚Ä¶"
15,0.0,@BBC,0.0,1.0,15,0.0,Sat Apr 21 23:21:52 +0000 2018,"RT @AWAKEALERT: Max Keiser quit @BBC because he got strict orders 
""NOT TO MENTION #ISRAEL IN ANY CONTEXT""
""This kind of censorship leads t‚Ä¶"
16,0.0,@BBC,0.0,1.0,16,0.0,Sat Apr 21 23:20:59 +0000 2018,"RT @AWAKEALERT: Max Keiser quit @BBC because he got strict orders 
""NOT TO MENTION #ISRAEL IN ANY CONTEXT""
""This kind of censorship leads t‚Ä¶"
17,0.6975,@BBC,0.0,0.845,17,0.155,Sat Apr 21 23:20:49 +0000 2018,Can‚Äôt wait for you all to see this! So much love to the @BBC for asking me to be a part of this and continuing to h‚Ä¶ https://t.co/e0cLqzT3VG
18,0.25,@BBC,0.161,0.593,18,0.246,Sat Apr 21 23:20:15 +0000 2018,"A good overview of the protests by @BBC #RejectSerzh
https://t.co/7LlF4XWZ05"
19,0.0,@BBC,0.0,1.0,19,0.0,Sat Apr 21 23:19:37 +0000 2018,@KPfor3 @Die__Trying_ @Plindsey88 @DNC @NPR @BBC @CBCNews Wheres the proof thats total BS
20,0.0,@BBC,0.0,1.0,20,0.0,Sat Apr 21 23:19:34 +0000 2018,"RT @AWAKEALERT: Max Keiser quit @BBC because he got strict orders 
""NOT TO MENTION #ISRAEL IN ANY CONTEXT""
""This kind of censorship leads t‚Ä¶"
21,0.5859,@BBC,0.0,0.833,21,0.167,Sat Apr 21 23:18:33 +0000 2018,Just finished watching @bbc come home üôå amazing how things get perceived in the eyes of others when a marriage brea‚Ä¶ https://t.co/depLkvdApH
22,-0.296,@BBC,0.091,0.909,22,0.0,Sat Apr 21 23:18:13 +0000 2018,those in the @BBC outside of the news and current affairs need to get involved - their hiding their heads in the sa‚Ä¶ https://t.co/wwxTRIgZdH
23,-0.6523,@BBC,0.186,0.814,23,0.0,Sat Apr 21 23:18:05 +0000 2018,"RT @OLOV1571: I thought kidnapping/euthanasia were ILLEGAL in the UK? How, then, are UK hospitals getting away w/holding children hostage &amp;‚Ä¶"
24,0.5106,@BBC,0.0,0.87,24,0.13,Sat Apr 21 23:18:03 +0000 2018,"RT @KensingtonRoyal: In 2017, The Duke and Duchess of Cambridge &amp; Prince Harry met 10 inspirational individuals taking part in the @BBC doc‚Ä¶"
25,0.0,@BBC,0.0,1.0,25,0.0,Sat Apr 21 23:17:34 +0000 2018,"RT @AWAKEALERT: Max Keiser quit @BBC because he got strict orders 
""NOT TO MENTION #ISRAEL IN ANY CONTEXT""
""This kind of censorship leads t‚Ä¶"
26,0.0,@BBC,0.0,1.0,26,0.0,Sat Apr 21 23:15:53 +0000 2018,RT @imkaranjak: @rogensworld @BBC Oh. https://t.co/2jd2Vrif6i
27,0.7506,@BBC,0.079,0.602,27,0.32,Sat Apr 21 23:15:46 +0000 2018,Nazi China &amp; Korea got Propagandaministerium like @BBC around the world. Surely Hitler and his friends would envy t‚Ä¶ https://t.co/OV7ANghOMe
28,0.0,@BBC,0.0,1.0,28,0.0,Sat Apr 21 23:15:42 +0000 2018,RT @bribriggs: @John_Eick @edcampOSjr @BBC @cueinc @jcorippo @creativeedtech It's @John_Eick aka #Johnomatopoeia in full effect! https://t.‚Ä¶
29,0.0,@BBC,0.0,1.0,29,0.0,Sat Apr 21 23:15:33 +0000 2018,"RT @MySelfAndHeize: ESTO ES LO QUE PAS√ì √âSTA TARDE EN UNA DE LAS UNIVERSIDADES. SIGUE MURIENDO GENTE. NECESITAN AYUDA INTERNACIONAL 

@Noti‚Ä¶"
30,0.4404,@BBC,0.0,0.633,30,0.367,Sat Apr 21 23:15:32 +0000 2018,@TwatBibIe Protected paedophiles at the @BBC
31,0.0,@BBC,0.0,1.0,31,0.0,Sat Apr 21 23:15:09 +0000 2018,"RT @AWAKEALERT: Max Keiser quit @BBC because he got strict orders 
""NOT TO MENTION #ISRAEL IN ANY CONTEXT""
""This kind of censorship leads t‚Ä¶"
32,0.891,@BBC,0.0,0.58,32,0.42,Sat Apr 21 23:14:48 +0000 2018,"@RDiane877 @BBC I meant the care she is showing it generally. Holding it gently, supporting its head like a human b‚Ä¶ https://t.co/faafYVUAQp"
33,-0.228,@BBC,0.232,0.596,33,0.172,Sat Apr 21 23:14:35 +0000 2018,"@clairlemon Most importantly, who in the fuck calls it ""Insta,"" @BBC ?"
34,-0.128,@BBC,0.061,0.939,34,0.0,Sat Apr 21 23:12:00 +0000 2018,RT @magwitch5151: Just a tad ironic that @BBC are showing the 2014 film version of 'Testament of Youth' by Vera Brittain this weekend &amp; not‚Ä¶
35,0.2023,@BBC,0.0,0.893,35,0.107,Sat Apr 21 23:11:42 +0000 2018,RT @BBC: Top of the Shop with @ChefTomKerridge starts at 8pm tonight on @BBCTwo. üßÄüç´üçÖ https://t.co/YZLujJ6wNT
36,0.6369,@BBC,0.0,0.543,36,0.457,Sat Apr 21 23:10:24 +0000 2018,RT @BBC: ‚ù§Ô∏èü¶ç A mother's love. https://t.co/O88T9j69Ga
37,-0.6908,@BBC,0.259,0.64,37,0.101,Sat Apr 21 23:09:50 +0000 2018,"RT @LadyMercia: MSM inc @BBC 
Have been remembering the tragic racially motivated 
Murder of Stephen Lawrence..

In memory of the other you‚Ä¶"
38,0.7184,@BBC,0.0,0.25,38,0.75,Sat Apr 21 23:09:35 +0000 2018,@EMingeRuffler @BBC Yeah. Lovely. ü§¢
39,-0.6124,@BBC,0.227,0.636,39,0.136,Sat Apr 21 23:09:02 +0000 2018,RT @rogensworld: Guys @BBC I'm not paying ¬£150 TV licence for someone like Maya Jama to make rape jokes and disrespect my black Queens. Thi‚Ä¶
40,-0.6124,@BBC,0.227,0.636,40,0.136,Sat Apr 21 23:06:25 +0000 2018,RT @rogensworld: Guys @BBC I'm not paying ¬£150 TV licence for someone like Maya Jama to make rape jokes and disrespect my black Queens. Thi‚Ä¶
41,0.0,@BBC,0.0,1.0,41,0.0,Sat Apr 21 23:06:14 +0000 2018,For Tunecore Social I am using just first WORD - HARJGTHEONE - see Tunecore Social @tunecore @bbc #HGOHD #HARJGTHEONE #HARJGTHEONEDBA
42,-0.6523,@BBC,0.186,0.814,42,0.0,Sat Apr 21 23:05:55 +0000 2018,"RT @OLOV1571: I thought kidnapping/euthanasia were ILLEGAL in the UK? How, then, are UK hospitals getting away w/holding children hostage &amp;‚Ä¶"
43,0.6901,@BBC,0.0,0.749,43,0.251,Sat Apr 21 23:04:52 +0000 2018,Hey @Rus_Emb_Ireland so the @BBC have sent out very convincing photo that proved Assad used gas. I'm convinced. https://t.co/qHUYgxibyG
44,0.1511,@BBC,0.0,0.938,44,0.062,Sat Apr 21 23:03:15 +0000 2018,RT @joshrthompson: Do you want to see a full season of my TV show? Let the networks (and everyone else) know! @IFC @hulu @netflix @BBC @CBC‚Ä¶
45,0.0,@BBC,0.0,1.0,45,0.0,Sat Apr 21 23:02:01 +0000 2018,"RT @calamordor: the Spanish regime requisitioning yellow scarves for fans of FC Barcelona in the cup final
@bbc @guardian @corriere @TheEco‚Ä¶"
46,0.7644,@BBC,0.0,0.577,46,0.423,Sat Apr 21 23:01:43 +0000 2018,RT @BBC: Shaggy helps the Queen celebrate 92nd birthday! üëë¬†https://t.co/5C4NR4h5f9 https://t.co/jBHBF8ECOh
47,-0.743,@BBC,0.474,0.526,47,0.0,Sat Apr 21 23:01:37 +0000 2018,RT @rogensworld: Her racism has no bounds @BBC https://t.co/HJ6lJSYKtL
48,0.7644,@BBC,0.0,0.577,48,0.423,Sat Apr 21 23:01:29 +0000 2018,RT @BBC: Shaggy helps the Queen celebrate 92nd birthday! üëë¬†https://t.co/5C4NR4h5f9 https://t.co/jBHBF8ECOh
49,-0.9062,@BBC,0.393,0.607,49,0.0,Sat Apr 21 23:01:28 +0000 2018,RT @Mikeofthemoor: @thepileus It's getting difficult to fathom out why the @BBC refuse to report just how nasty &amp; racist @theresa_may has b‚Ä¶
50,-0.6124,@BBC,0.227,0.636,50,0.136,Sat Apr 21 23:01:26 +0000 2018,RT @rogensworld: Guys @BBC I'm not paying ¬£150 TV licence for someone like Maya Jama to make rape jokes and disrespect my black Queens. Thi‚Ä¶
51,-0.836,@BBC,0.361,0.55,51,0.089,Sat Apr 21 23:00:47 +0000 2018,I do love #TheQueen but there was no need for @BBC to waste the @TVLicensing on that awful #QueensBirthdayParty and‚Ä¶ https://t.co/l6dUWRnEHQ
52,0.0,@BBC,0.0,1.0,52,0.0,Sat Apr 21 23:00:36 +0000 2018,"RT @AWAKEALERT: Max Keiser quit @BBC because he got strict orders 
""NOT TO MENTION #ISRAEL IN ANY CONTEXT""
""This kind of censorship leads t‚Ä¶"
53,0.0,@BBC,0.0,1.0,53,0.0,Sat Apr 21 23:00:22 +0000 2018,"RT @AWAKEALERT: Max Keiser quit @BBC because he got strict orders 
""NOT TO MENTION #ISRAEL IN ANY CONTEXT""
""This kind of censorship leads t‚Ä¶"
54,-0.743,@BBC,0.474,0.526,54,0.0,Sat Apr 21 22:59:49 +0000 2018,RT @rogensworld: Her racism has no bounds @BBC https://t.co/HJ6lJSYKtL
55,-0.6124,@BBC,0.227,0.636,55,0.136,Sat Apr 21 22:59:45 +0000 2018,RT @rogensworld: Guys @BBC I'm not paying ¬£150 TV licence for someone like Maya Jama to make rape jokes and disrespect my black Queens. Thi‚Ä¶
56,0.7644,@BBC,0.0,0.577,56,0.423,Sat Apr 21 22:59:33 +0000 2018,RT @BBC: Shaggy helps the Queen celebrate 92nd birthday! üëë¬†https://t.co/5C4NR4h5f9 https://t.co/jBHBF8ECOh
57,0.2411,@BBC,0.0,0.906,57,0.094,Sat Apr 21 22:59:23 +0000 2018,"RT @Mikeofthemoor: Hi @BBC, @BBCNews @BBCRadio4 etc, I noticed that you've not bothered to inform the public that @theresa_may ordered thes‚Ä¶"
58,0.0,@BBC,0.0,1.0,58,0.0,Sat Apr 21 22:59:17 +0000 2018,@Cristobal1_one @MartiEstruch @BBC @guardian @Corriere @TheEconomist @FinancialTimes @lemondefr @dailytelegraph‚Ä¶ https://t.co/qMCk1MkIJz
59,0.0,@BBC,0.0,1.0,59,0.0,Sat Apr 21 22:59:15 +0000 2018,@abcnews @abendblatt @ActualidadRT @AFP @afpfr @ahorapodemos @AlbanoDante76 @Algemeiner @AlJazeera @altamiranoMLG‚Ä¶ https://t.co/9SYHcYJCCQ
60,0.0,@BBC,0.0,1.0,60,0.0,Sat Apr 21 22:59:09 +0000 2018,"RT @BBC: üöòüöÜ A man bought a car, taxed and insured it and drove from London to Bristol - all for less than a return train fare.
üëâ https://t.‚Ä¶"
61,-0.6124,@BBC,0.227,0.636,61,0.136,Sat Apr 21 22:58:56 +0000 2018,RT @rogensworld: Guys @BBC I'm not paying ¬£150 TV licence for someone like Maya Jama to make rape jokes and disrespect my black Queens. Thi‚Ä¶
62,0.0,@BBC,0.0,1.0,62,0.0,Sat Apr 21 22:58:22 +0000 2018,"RT @AWAKEALERT: Max Keiser quit @BBC because he got strict orders 
""NOT TO MENTION #ISRAEL IN ANY CONTEXT""
""This kind of censorship leads t‚Ä¶"
63,0.0,@BBC,0.0,1.0,63,0.0,Sat Apr 21 22:57:45 +0000 2018,"RT @AWAKEALERT: Max Keiser quit @BBC because he got strict orders 
""NOT TO MENTION #ISRAEL IN ANY CONTEXT""
""This kind of censorship leads t‚Ä¶"
64,-0.6124,@BBC,0.227,0.636,64,0.136,Sat Apr 21 22:57:34 +0000 2018,RT @rogensworld: Guys @BBC I'm not paying ¬£150 TV licence for someone like Maya Jama to make rape jokes and disrespect my black Queens. Thi‚Ä¶
65,-0.3089,@BBC,0.097,0.903,65,0.0,Sat Apr 21 22:56:28 +0000 2018,"RT @renireni: Isn't it interesting that at the same time the British government is deporting black Brits who've lived here since childhood,‚Ä¶"
66,0.0,@BBC,0.0,1.0,66,0.0,Sat Apr 21 22:56:23 +0000 2018,"RT @OrhanOflu: For Your Information #World üåç #Press, 

@guardian @guardiannews @lemondefr @FTM_nl @WELT_Sport @ARD_Presse @david_conn @nyti‚Ä¶"
67,-0.6124,@BBC,0.227,0.636,67,0.136,Sat Apr 21 22:56:03 +0000 2018,RT @rogensworld: Guys @BBC I'm not paying ¬£150 TV licence for someone like Maya Jama to make rape jokes and disrespect my black Queens. Thi‚Ä¶
68,0.9256,@BBC,0.0,0.604,68,0.396,Sat Apr 21 22:55:38 +0000 2018,"Just rewatched Love, Nina on @NetflixUK ... cant tell you how much I love it and hope for a second season!!!!!! @BBCOne @BBC @ninastibbe"
69,-0.1531,@BBC,0.11,0.89,69,0.0,Sat Apr 21 22:55:26 +0000 2018,RT @BBC: üé® Meet the 91-year-old rebel artist who was told he was unteachable. https://t.co/Vyquf7IG49
70,0.0,@BBC,0.0,1.0,70,0.0,Sat Apr 21 22:55:06 +0000 2018,"RT @castrocalo: @RussiaConnects @BBC What's behind (or inside) the ""#WhiteHelmets"" of #Syria?
Via @MintPressNews https://t.co/aNHSVYtpgx"
71,0.0,@BBC,0.0,1.0,71,0.0,Sat Apr 21 22:53:44 +0000 2018,@DigitalSevilla @bbc @guardian @corriere @TheEconomist @financialtimes @lemondefr @dailytelegraph¬† @Le_Figaro‚Ä¶ https://t.co/2i6pBethUD
72,0.8225,@BBC,0.0,0.709,72,0.291,Sat Apr 21 22:53:13 +0000 2018,RT @BBC: From green tea panna cotta to Earl Grey bread: these recipes are the perfect way to celebrate #NationalTeaDay (with a cuppa of cou‚Ä¶
73,-0.6369,@BBC,0.16,0.84,73,0.0,Sat Apr 21 22:51:41 +0000 2018,"My mother, who is the same age as the Queen, just told me that Her Majesty will have hated her #QueensBirthday show‚Ä¶ https://t.co/tE7zw3PRLl"
74,0.0,@BBC,0.0,1.0,74,0.0,Sat Apr 21 22:51:09 +0000 2018,"RT @OrhanOflu: For Your Information #World üåç #Press, 

@guardian @guardiannews @lemondefr @FTM_nl @WELT_Sport @ARD_Presse @david_conn @nyti‚Ä¶"
75,0.0,@BBC,0.0,1.0,75,0.0,Sat Apr 21 22:51:01 +0000 2018,RT @AMITABEROS: @JJGuerrera @dcabellor @UnMijito @PatriotaObrero_ @damorenoVzla @chinarivas30 @yami2336 @Lomb1209 @1ChavistaMaduro @ZaidAlv‚Ä¶
76,-0.296,@BBC,0.167,0.833,76,0.0,Sat Apr 21 22:50:12 +0000 2018,@nerys That's a lot. We pay taxes depending on earnings and then we pay for council tax and then we have to pay for‚Ä¶ https://t.co/TMWOCqNnYF
77,0.3818,@BBC,0.0,0.874,77,0.126,Sat Apr 21 22:49:36 +0000 2018,"RT @ThomasLeVarlet: Dear @IFC @hulu @netflix @BBC @CBC @crackle @adultswim @AmazonStudios @HBO @FXXNetwork , Josh helped me go through toug‚Ä¶"
78,-0.1531,@BBC,0.11,0.89,78,0.0,Sat Apr 21 22:48:51 +0000 2018,RT @BBC: üé® Meet the 91-year-old rebel artist who was told he was unteachable. https://t.co/Vyquf7IG49
79,0.3818,@BBC,0.0,0.874,79,0.126,Sat Apr 21 22:47:54 +0000 2018,"RT @ThomasLeVarlet: Dear @IFC @hulu @netflix @BBC @CBC @crackle @adultswim @AmazonStudios @HBO @FXXNetwork , Josh helped me go through toug‚Ä¶"
80,0.3818,@BBC,0.0,0.874,80,0.126,Sat Apr 21 22:46:44 +0000 2018,"RT @ThomasLeVarlet: Dear @IFC @hulu @netflix @BBC @CBC @crackle @adultswim @AmazonStudios @HBO @FXXNetwork , Josh helped me go through toug‚Ä¶"
81,-0.743,@BBC,0.474,0.526,81,0.0,Sat Apr 21 22:45:07 +0000 2018,RT @rogensworld: Her racism has no bounds @BBC https://t.co/HJ6lJSYKtL
82,0.0,@BBC,0.0,1.0,82,0.0,Sat Apr 21 22:44:59 +0000 2018,RT @ec_01cast: SPREAD‚ÄºÔ∏è‚ÄºÔ∏è‚ÄºÔ∏è @washingtonpost @cnnbrk @CNN @TheEconomist @BBCWorld @bbcmundo @BBC @ABC  @FoxNews @OAS_official https://t.co/S‚Ä¶
83,-0.6908,@BBC,0.259,0.64,83,0.101,Sat Apr 21 22:44:54 +0000 2018,"RT @LadyMercia: MSM inc @BBC 
Have been remembering the tragic racially motivated 
Murder of Stephen Lawrence..

In memory of the other you‚Ä¶"
84,0.0,@BBC,0.0,1.0,84,0.0,Sat Apr 21 22:44:46 +0000 2018,@antonibassas @FCBarcelona @bbc @guardian @corriere @TheEconomist @financialtimes @lemondefr @dailytelegraph¬†‚Ä¶ https://t.co/nBDtF14KjV
85,0.0,@BBC,0.0,1.0,85,0.0,Sat Apr 21 22:44:45 +0000 2018,"RT @castrocalo: @RussiaConnects @BBC What's behind (or inside) the ""#WhiteHelmets"" of #Syria?
Via @MintPressNews https://t.co/aNHSVYtpgx"
86,0.0,@BBC,0.0,1.0,86,0.0,Sat Apr 21 22:44:37 +0000 2018,"RT @castrocalo: @RussiaConnects @BBC What's behind (or inside) the ""#WhiteHelmets"" of #Syria?
Via @MintPressNews https://t.co/aNHSVYtpgx"
87,0.0,@BBC,0.0,1.0,87,0.0,Sat Apr 21 22:44:22 +0000 2018,@Mikeofthemoor @blueunicorn63 @Rachael_Swindon @BBC üòÆ ?
88,0.6369,@BBC,0.0,0.543,88,0.457,Sat Apr 21 22:44:17 +0000 2018,RT @BBC: ‚ù§Ô∏èü¶ç A mother's love. https://t.co/O88T9j69Ga
89,0.0,@BBC,0.0,1.0,89,0.0,Sat Apr 21 22:44:04 +0000 2018,"RT @castrocalo: @RussiaConnects @BBC What's behind (or inside) the ""#WhiteHelmets"" of #Syria?
Via @MintPressNews https://t.co/aNHSVYtpgx"
90,-0.743,@BBC,0.474,0.526,90,0.0,Sat Apr 21 22:43:20 +0000 2018,RT @rogensworld: Her racism has no bounds @BBC https://t.co/HJ6lJSYKtL
91,-0.6124,@BBC,0.227,0.636,91,0.136,Sat Apr 21 22:43:09 +0000 2018,RT @rogensworld: Guys @BBC I'm not paying ¬£150 TV licence for someone like Maya Jama to make rape jokes and disrespect my black Queens. Thi‚Ä¶
92,0.0,@BBC,0.0,1.0,92,0.0,Sat Apr 21 22:43:08 +0000 2018,"RT @MySelfAndHeize: ESTO ES LO QUE PAS√ì √âSTA TARDE EN UNA DE LAS UNIVERSIDADES. SIGUE MURIENDO GENTE. NECESITAN AYUDA INTERNACIONAL 

@Noti‚Ä¶"
93,-0.128,@CBSNews,0.185,0.662,0,0.152,Sat Apr 21 23:30:37 +0000 2018,@paulb0641 @CBSNews Trump lies all the time instead of telling the truth
94,-0.872,@CBSNews,0.498,0.386,1,0.116,Sat Apr 21 23:30:36 +0000 2018,RT @CBSNews: India approves death penalty for rape of young children https://t.co/34XXgJWzLf https://t.co/FQgveXw0Cz
95,0.0,@CBSNews,0.0,1.0,2,0.0,Sat Apr 21 23:30:23 +0000 2018,"@CBSNews YAY,!!"
96,0.4939,@CBSNews,0.0,0.878,3,0.122,Sat Apr 21 23:30:22 +0000 2018,"RT @notprogressive1: @CBSNews And you wonder why sometimes it will take the cops a looooooooong time to get there to save you. 

This is pr‚Ä¶"
97,-0.6696,@CBSNews,0.407,0.423,4,0.169,Sat Apr 21 23:30:15 +0000 2018,@CBSNews Add acid attacks and honor killings to the list India!
98,0.0,@CBSNews,0.0,1.0,5,0.0,Sat Apr 21 23:30:11 +0000 2018,RT @P226_Sig: @andrewjasper201 @CBSNews Lock and load. Cops are for chalking the bodies.
99,0.4939,@CBSNews,0.0,0.814,6,0.186,Sat Apr 21 23:30:08 +0000 2018,"RT @CBSNews: Ocala, Florida school shooting: School resource officer praised for quick actions https://t.co/kjOJCLAemI https://t.co/EqOcg7Z‚Ä¶"
100,0.4404,@CBSNews,0.0,0.508,7,0.492,Sat Apr 21 23:30:06 +0000 2018,@CBSNews That's good news.
101,0.0,@CBSNews,0.0,1.0,8,0.0,Sat Apr 21 23:30:05 +0000 2018,@CBSNews What a piece of garbage.
102,0.3182,@CBSNews,0.0,0.901,9,0.099,Sat Apr 21 23:30:01 +0000 2018,RT @CBSNews: A San Antonio charter school has apologized after a teacher asked students in an 8th grade American history class to list the‚Ä¶
103,-0.4767,@CBSNews,0.147,0.853,10,0.0,Sat Apr 21 23:30:00 +0000 2018,"RT @CBSNews: UPDATE: At least 10 people were arrested Saturday at a scheduled neo-Nazi rally in Newnan, Georgia https://t.co/dQYrqELYbM htt‚Ä¶"
104,-0.872,@CBSNews,0.498,0.386,11,0.116,Sat Apr 21 23:29:58 +0000 2018,RT @CBSNews: India approves death penalty for rape of young children https://t.co/34XXgJWzLf https://t.co/FQgveXw0Cz
105,0.8714,@CBSNews,0.0,0.648,12,0.352,Sat Apr 21 23:29:56 +0000 2018,"RT @CBSNews: Jeb Bush on what he learned from Barbara Bush: ""Be kind, always tell the truth, never disparage anyone, serve others, treat ev‚Ä¶"
106,0.8714,@CBSNews,0.0,0.648,13,0.352,Sat Apr 21 23:29:54 +0000 2018,"RT @CBSNews: Jeb Bush on what he learned from Barbara Bush: ""Be kind, always tell the truth, never disparage anyone, serve others, treat ev‚Ä¶"
107,-0.872,@CBSNews,0.498,0.386,14,0.116,Sat Apr 21 23:29:52 +0000 2018,RT @CBSNews: India approves death penalty for rape of young children https://t.co/34XXgJWzLf https://t.co/FQgveXw0Cz
108,-0.872,@CBSNews,0.498,0.386,15,0.116,Sat Apr 21 23:29:51 +0000 2018,RT @CBSNews: India approves death penalty for rape of young children https://t.co/34XXgJWzLf https://t.co/FQgveXw0Cz
109,-0.872,@CBSNews,0.498,0.386,16,0.116,Sat Apr 21 23:29:48 +0000 2018,RT @CBSNews: India approves death penalty for rape of young children https://t.co/34XXgJWzLf https://t.co/FQgveXw0Cz
110,0.128,@CBSNews,0.099,0.741,17,0.16,Sat Apr 21 23:29:47 +0000 2018,"RT @andrewjasper201: @CBSNews You don‚Äôt need a gun to protect yourself, just call 911.... what, I can‚Äôt, the operator doesn‚Äôt want to talk,‚Ä¶"
111,-0.872,@CBSNews,0.498,0.386,18,0.116,Sat Apr 21 23:29:45 +0000 2018,RT @CBSNews: India approves death penalty for rape of young children https://t.co/34XXgJWzLf https://t.co/FQgveXw0Cz
112,-0.4215,@CBSNews,0.109,0.891,19,0.0,Sat Apr 21 23:29:43 +0000 2018,RT @CBSNews: A former 911 operator has been found guilty of hanging up on thousands of callers because they called at times she just didn't‚Ä¶
113,0.8714,@CBSNews,0.0,0.648,20,0.352,Sat Apr 21 23:29:43 +0000 2018,"RT @CBSNews: Jeb Bush on what he learned from Barbara Bush: ""Be kind, always tell the truth, never disparage anyone, serve others, treat ev‚Ä¶"
114,-0.872,@CBSNews,0.498,0.386,21,0.116,Sat Apr 21 23:29:41 +0000 2018,RT @CBSNews: India approves death penalty for rape of young children https://t.co/34XXgJWzLf https://t.co/FQgveXw0Cz
115,0.0,@CBSNews,0.0,1.0,22,0.0,Sat Apr 21 23:29:41 +0000 2018,"@CBSNews OF COURSE
NOT A PAUSE ON THAT..."
116,-0.872,@CBSNews,0.498,0.386,23,0.116,Sat Apr 21 23:29:40 +0000 2018,RT @CBSNews: India approves death penalty for rape of young children https://t.co/34XXgJWzLf https://t.co/FQgveXw0Cz
117,-0.872,@CBSNews,0.498,0.386,24,0.116,Sat Apr 21 23:29:27 +0000 2018,RT @CBSNews: India approves death penalty for rape of young children https://t.co/34XXgJWzLf https://t.co/FQgveXw0Cz
118,-0.872,@CBSNews,0.498,0.386,25,0.116,Sat Apr 21 23:29:21 +0000 2018,RT @CBSNews: India approves death penalty for rape of young children https://t.co/34XXgJWzLf https://t.co/FQgveXw0Cz
119,-0.872,@CBSNews,0.498,0.386,26,0.116,Sat Apr 21 23:29:18 +0000 2018,RT @CBSNews: India approves death penalty for rape of young children https://t.co/34XXgJWzLf https://t.co/FQgveXw0Cz
120,-0.872,@CBSNews,0.498,0.386,27,0.116,Sat Apr 21 23:29:18 +0000 2018,RT @CBSNews: India approves death penalty for rape of young children https://t.co/34XXgJWzLf https://t.co/FQgveXw0Cz
121,0.7269,@CBSNews,0.076,0.643,28,0.281,Sat Apr 21 23:29:13 +0000 2018,RT @CBSNews: NFL quarterback Colin Kaepernick has been honored by Amnesty International for his peaceful protests against racial inequality‚Ä¶
122,-0.872,@CBSNews,0.498,0.386,29,0.116,Sat Apr 21 23:29:09 +0000 2018,RT @CBSNews: India approves death penalty for rape of young children https://t.co/34XXgJWzLf https://t.co/FQgveXw0Cz
123,0.0,@CBSNews,0.0,1.0,30,0.0,Sat Apr 21 23:29:06 +0000 2018,"RT @CBSNews: Danny Farquhar, Chicago White Sox pitcher, has brain hemorrhage during game https://t.co/cQX2ugZwIJ https://t.co/4udZPhkZ9P"
124,0.0,@CBSNews,0.0,1.0,31,0.0,Sat Apr 21 23:29:00 +0000 2018,@GregSherrow @frontlinepbs @PBS @NPR @60Minutes @MeetThePress @MSNBC @latimes @nytimes @washingtonpost @sfchronicle‚Ä¶ https://t.co/kdQv8ppHOn
125,-0.872,@CBSNews,0.498,0.386,32,0.116,Sat Apr 21 23:28:59 +0000 2018,RT @CBSNews: India approves death penalty for rape of young children https://t.co/34XXgJWzLf https://t.co/FQgveXw0Cz
126,0.0,@CBSNews,0.0,1.0,33,0.0,Sat Apr 21 23:28:56 +0000 2018,@CBSNews That will NEVER happen in the US because: https://t.co/UcqjUbWIYt
127,-0.872,@CBSNews,0.498,0.386,34,0.116,Sat Apr 21 23:28:55 +0000 2018,RT @CBSNews: India approves death penalty for rape of young children https://t.co/34XXgJWzLf https://t.co/FQgveXw0Cz
128,0.0,@CBSNews,0.0,1.0,35,0.0,Sat Apr 21 23:28:55 +0000 2018,@CBSNews I guess DoTard Trump won‚Äôt be visiting India anytime soon.
129,0.0,@CBSNews,0.0,1.0,36,0.0,Sat Apr 21 23:28:55 +0000 2018,@TheNicolePowell @_DianeDouglas @dougducey @AZ1Thomas @Noah__Karvelis @FoxNews @abc15 @CBSNews @arizona_sos She los‚Ä¶ https://t.co/XOF53DaqAx
130,-0.872,@CBSNews,0.498,0.386,37,0.116,Sat Apr 21 23:28:54 +0000 2018,RT @CBSNews: India approves death penalty for rape of young children https://t.co/34XXgJWzLf https://t.co/FQgveXw0Cz
131,-0.872,@CBSNews,0.498,0.386,38,0.116,Sat Apr 21 23:28:47 +0000 2018,RT @CBSNews: India approves death penalty for rape of young children https://t.co/34XXgJWzLf https://t.co/FQgveXw0Cz
132,0.0,@CBSNews,0.0,1.0,39,0.0,Sat Apr 21 23:28:46 +0000 2018,"RT @CBSNews: Former President George H.W. Bush paid tribute to his late wife, former first lady Barbara Bush, in a very simple way: He wore‚Ä¶"
133,0.9062,@CBSNews,0.0,0.58,40,0.42,Sat Apr 21 23:28:44 +0000 2018,"RT @CBSNews: ""Instinctively generous, Barbara and George Bush put country above party, the common good above political gain, and service to‚Ä¶"
134,0.0,@CBSNews,0.0,1.0,41,0.0,Sat Apr 21 23:28:37 +0000 2018,"@CBSNews When it comes down to race war.....most
Whites will be on the side of the whites."
135,-0.4767,@CBSNews,0.22,0.78,42,0.0,Sat Apr 21 23:28:32 +0000 2018,@Hellema @CBSNews Why? Because he would have to acknowledge he was wrong.
136,0.0,@CBSNews,0.0,1.0,43,0.0,Sat Apr 21 23:28:30 +0000 2018,@CBSNews Why hasn‚Äôt this always been approved?!
137,-0.872,@CBSNews,0.498,0.386,44,0.116,Sat Apr 21 23:28:29 +0000 2018,RT @CBSNews: India approves death penalty for rape of young children https://t.co/34XXgJWzLf https://t.co/FQgveXw0Cz
138,-0.872,@CBSNews,0.498,0.386,45,0.116,Sat Apr 21 23:28:24 +0000 2018,RT @CBSNews: India approves death penalty for rape of young children https://t.co/34XXgJWzLf https://t.co/FQgveXw0Cz
139,0.555,@CBSNews,0.0,0.626,46,0.374,Sat Apr 21 23:28:23 +0000 2018,@CBSNews What class! Glad he‚Äôs my president!
140,-0.872,@CBSNews,0.498,0.386,47,0.116,Sat Apr 21 23:28:17 +0000 2018,RT @CBSNews: India approves death penalty for rape of young children https://t.co/34XXgJWzLf https://t.co/FQgveXw0Cz
141,-0.872,@CBSNews,0.498,0.386,48,0.116,Sat Apr 21 23:28:12 +0000 2018,RT @CBSNews: India approves death penalty for rape of young children https://t.co/34XXgJWzLf https://t.co/FQgveXw0Cz
142,0.0,@CBSNews,0.0,1.0,49,0.0,Sat Apr 21 23:27:58 +0000 2018,"RT @CBSNews: Danny Farquhar, Chicago White Sox pitcher, has brain hemorrhage during game https://t.co/cQX2ugZwIJ https://t.co/4udZPhkZ9P"
143,0.7269,@CBSNews,0.076,0.643,50,0.281,Sat Apr 21 23:27:56 +0000 2018,RT @CBSNews: NFL quarterback Colin Kaepernick has been honored by Amnesty International for his peaceful protests against racial inequality‚Ä¶
144,-0.4215,@CBSNews,0.172,0.747,51,0.081,Sat Apr 21 23:27:55 +0000 2018,"RT @CBSNews: ""The last time I was with her I asked her about dying. Was she ready to go, was she sad. Without missing a beat she said, 'Jeb‚Ä¶"
145,-0.886,@CBSNews,0.486,0.514,52,0.0,Sat Apr 21 23:27:55 +0000 2018,@CBSNews This was a racist attack on a white man by a black. Where is the outrage
146,0.0,@CBSNews,0.0,1.0,53,0.0,Sat Apr 21 23:27:54 +0000 2018,"RT @CBSNews: Danny Farquhar, Chicago White Sox pitcher, has brain hemorrhage during game https://t.co/cQX2ugZwIJ https://t.co/4udZPhkZ9P"
147,-0.0516,@CBSNews,0.144,0.72,54,0.136,Sat Apr 21 23:27:51 +0000 2018,@LuvMultimedia @CBSNews There‚Äôs a lot of rhetoric encouraging a ban. But even if they are ‚Äòharder‚Äô to get due to mo‚Ä¶ https://t.co/1jt3PxnnRJ
148,0.4939,@CBSNews,0.0,0.868,55,0.132,Sat Apr 21 23:27:49 +0000 2018,"RT @CBSNews: A 17-year-old girl came within inches of her life when a friend jokingly pushed her in front of a moving bus, demonstrating ju‚Ä¶"
149,0.0,@CBSNews,0.0,1.0,56,0.0,Sat Apr 21 23:27:38 +0000 2018,RT @GregSherrow: @frontlinepbs @pbs @npr @60Minutes @MeetThePress @MSNBC @latimes @nytimes @washingtonpost @sfchronicle @chicagotribune @sf‚Ä¶
150,0.0,@CBSNews,0.0,1.0,57,0.0,Sat Apr 21 23:27:27 +0000 2018,RT @GregSherrow: @frontlinepbs @pbs @npr @60Minutes @MeetThePress @MSNBC @latimes @nytimes @washingtonpost @sfchronicle @chicagotribune @sf‚Ä¶
151,0.4588,@CBSNews,0.0,0.727,58,0.273,Sat Apr 21 23:27:27 +0000 2018,@CBSNews Who cares they are both going to jail.
152,0.4939,@CBSNews,0.0,0.814,59,0.186,Sat Apr 21 23:27:10 +0000 2018,"RT @CBSNews: Ocala, Florida school shooting: School resource officer praised for quick actions https://t.co/kjOJCLAemI https://t.co/EqOcg7Z‚Ä¶"
153,0.3182,@CBSNews,0.0,0.901,60,0.099,Sat Apr 21 23:26:55 +0000 2018,RT @CBSNews: A San Antonio charter school has apologized after a teacher asked students in an 8th grade American history class to list the‚Ä¶
154,0.1779,@CBSNews,0.162,0.578,61,0.26,Sat Apr 21 23:26:48 +0000 2018,RT @CBSNews: Roberta Flack leaves Harlem awards show after feeling ill https://t.co/1maFzP1Ha0 https://t.co/sGeZYMC5M8
155,0.0,@CBSNews,0.0,1.0,62,0.0,Sat Apr 21 23:26:41 +0000 2018,@Sport__Addict @CBSNews Currently he's not a quarterback dumbass......
156,0.0,@CBSNews,0.0,1.0,63,0.0,Sat Apr 21 23:26:37 +0000 2018,RT @marc_strydom: @CBSNews So he obviously didn't listen
157,0.3612,@CBSNews,0.0,0.737,64,0.263,Sat Apr 21 23:26:17 +0000 2018,@CBSNews Looks like a line at the golden corral.
158,0.0,@CBSNews,0.0,1.0,65,0.0,Sat Apr 21 23:25:58 +0000 2018,"RT @CBSNews: Danny Farquhar, Chicago White Sox pitcher, has brain hemorrhage during game https://t.co/cQX2ugZwIJ https://t.co/4udZPhkZ9P"
159,0.0,@CBSNews,0.0,1.0,66,0.0,Sat Apr 21 23:25:47 +0000 2018,@CBSNews Employee of the yearüëé
160,0.4939,@CBSNews,0.0,0.814,67,0.186,Sat Apr 21 23:25:46 +0000 2018,"RT @CBSNews: Ocala, Florida school shooting: School resource officer praised for quick actions https://t.co/kjOJCLAemI https://t.co/EqOcg7Z‚Ä¶"
161,-0.3802,@CBSNews,0.126,0.874,68,0.0,Sat Apr 21 23:25:42 +0000 2018,RT @TheNicolePowell: @_DianeDouglas You're not standing with teachers? You have just lost my vote in the upcoming elections! #redconstituen‚Ä¶
162,0.0,@CBSNews,0.0,1.0,69,0.0,Sat Apr 21 23:25:26 +0000 2018,RT @bjwinnerdavis: @GregSherrow @frontlinepbs @PBS @NPR @60Minutes @MeetThePress @MSNBC @latimes @nytimes @washingtonpost @sfchronicle @chi‚Ä¶
163,-0.4215,@CBSNews,0.157,0.843,70,0.0,Sat Apr 21 23:25:25 +0000 2018,"RT @CBSNews: President Trump denies report that he privately calls Rod Rosenstein ""Mr. Peepers""
https://t.co/IA6Q6JSVpx https://t.co/S2uK3G‚Ä¶"
164,0.0,@CBSNews,0.0,1.0,71,0.0,Sat Apr 21 23:25:25 +0000 2018,RT @CBSNews: Queen Elizabeth II is marking her 92nd birthday with a star-studded concert in London https://t.co/vp0JR8FrhX https://t.co/a0Q‚Ä¶
165,0.0,@CBSNews,0.0,1.0,72,0.0,Sat Apr 21 23:25:25 +0000 2018,@GregSherrow @frontlinepbs @PBS @NPR @60Minutes @MeetThePress @MSNBC @latimes @nytimes @washingtonpost @sfchronicle‚Ä¶ https://t.co/1uRi4UDYVa
166,-0.4767,@CBSNews,0.147,0.853,73,0.0,Sat Apr 21 23:25:22 +0000 2018,"RT @CBSNews: UPDATE: At least 10 people were arrested Saturday at a scheduled neo-Nazi rally in Newnan, Georgia https://t.co/dQYrqELYbM htt‚Ä¶"
167,-0.872,@CBSNews,0.398,0.602,74,0.0,Sat Apr 21 23:25:21 +0000 2018,RT @CBSNews: Dad stabbed to death in random attack as daughter sits in lap at restaurant https://t.co/o6WxmPNnI3 https://t.co/OFGx0P7pU7
168,0.0,@CBSNews,0.0,1.0,75,0.0,Sat Apr 21 23:25:19 +0000 2018,@frontlinepbs @pbs @npr @60Minutes @MeetThePress @MSNBC @latimes @nytimes @washingtonpost @sfchronicle‚Ä¶ https://t.co/eJfyacShdT
169,0.0,@CBSNews,0.0,1.0,76,0.0,Sat Apr 21 23:25:06 +0000 2018,"RT @CBSNews: Danny Farquhar, Chicago White Sox pitcher, has brain hemorrhage during game https://t.co/cQX2ugZwIJ https://t.co/4udZPhkZ9P"
170,-0.4767,@CBSNews,0.147,0.853,77,0.0,Sat Apr 21 23:25:00 +0000 2018,"RT @CBSNews: UPDATE: At least 10 people were arrested Saturday at a scheduled neo-Nazi rally in Newnan, Georgia https://t.co/dQYrqELYbM htt‚Ä¶"
171,0.8714,@CBSNews,0.0,0.648,78,0.352,Sat Apr 21 23:24:57 +0000 2018,"RT @CBSNews: Jeb Bush on what he learned from Barbara Bush: ""Be kind, always tell the truth, never disparage anyone, serve others, treat ev‚Ä¶"
172,0.2732,@CBSNews,0.0,0.792,79,0.208,Sat Apr 21 23:24:55 +0000 2018,@LeftVsRightNow @CBSNews There is a certain resemblance. Then again... https://t.co/0I4edZpP9W
173,0.4939,@CBSNews,0.0,0.814,80,0.186,Sat Apr 21 23:24:48 +0000 2018,"RT @CBSNews: Ocala, Florida school shooting: School resource officer praised for quick actions https://t.co/kjOJCLAemI https://t.co/EqOcg7Z‚Ä¶"
174,0.0,@CBSNews,0.0,1.0,81,0.0,Sat Apr 21 23:24:40 +0000 2018,@frontlinepbs @pbs @npr @60Minutes @MeetThePress @MSNBC @latimes @nytimes @washingtonpost @sfchronicle‚Ä¶ https://t.co/M5ATHKrtF5
175,0.9203,@CBSNews,0.064,0.451,82,0.485,Sat Apr 21 23:24:33 +0000 2018,"@CBSNews Wow! So so truly sorry about this, may my sending positive thoughts, praying, vibes all along way!"
176,0.0,@CBSNews,0.0,1.0,83,0.0,Sat Apr 21 23:24:23 +0000 2018,@anthonytkaz @ryanj2a @Nibbitz @immerresistdjt @Emma4Change @CNN @MSNBC @nytimes @washingtonpost @CBSNews Only a Ru‚Ä¶ https://t.co/hubl4r1EyD
177,-0.9098,@CBSNews,0.472,0.528,84,0.0,Sat Apr 21 23:24:21 +0000 2018,"@DineshDSouza Oh bullshit. Fake news. How could any critical thinker believe this crap! The salivating media, doing‚Ä¶ https://t.co/SgNecGKR81"
178,0.0,@CBSNews,0.0,1.0,85,0.0,Sat Apr 21 23:24:18 +0000 2018,@frontlinepbs @pbs @npr @60Minutes @MeetThePress @MSNBC @latimes @nytimes @washingtonpost @sfchronicle‚Ä¶ https://t.co/00zhWJuyXh
179,0.0,@CBSNews,0.0,1.0,86,0.0,Sat Apr 21 23:24:15 +0000 2018,"RT @CBSNews: Danny Farquhar, Chicago White Sox pitcher, has brain hemorrhage during game https://t.co/cQX2ugZwIJ https://t.co/4udZPhkZ9P"
180,0.1779,@CBSNews,0.162,0.578,87,0.26,Sat Apr 21 23:23:55 +0000 2018,RT @CBSNews: Roberta Flack leaves Harlem awards show after feeling ill https://t.co/1maFzP1Ha0 https://t.co/sGeZYMC5M8
181,0.7269,@CBSNews,0.076,0.643,88,0.281,Sat Apr 21 23:23:47 +0000 2018,RT @CBSNews: NFL quarterback Colin Kaepernick has been honored by Amnesty International for his peaceful protests against racial inequality‚Ä¶
182,0.4939,@CBSNews,0.0,0.814,89,0.186,Sat Apr 21 23:23:45 +0000 2018,"RT @CBSNews: Ocala, Florida school shooting: School resource officer praised for quick actions https://t.co/kjOJCLAemI https://t.co/EqOcg7Z‚Ä¶"
183,-0.872,@CBSNews,0.398,0.602,90,0.0,Sat Apr 21 23:23:41 +0000 2018,RT @CBSNews: Dad stabbed to death in random attack as daughter sits in lap at restaurant https://t.co/o6WxmPNnI3 https://t.co/OFGx0P7pU7
184,-0.5766,@CBSNews,0.14,0.86,91,0.0,Sat Apr 21 23:23:38 +0000 2018,"RT @JynErso_2017: This is OUTRAGEOUS.

ICE agents wouldn't escort the DREAMer to his car, where he could have shown them proof of his DACA‚Ä¶"
185,0.4939,@CBSNews,0.0,0.814,92,0.186,Sat Apr 21 23:23:28 +0000 2018,"RT @CBSNews: Ocala, Florida school shooting: School resource officer praised for quick actions https://t.co/kjOJCLAemI https://t.co/EqOcg7Z‚Ä¶"
186,0.765,@CBSNews,0.0,0.345,93,0.655,Sat Apr 21 23:23:27 +0000 2018,@CBSNews God bless him. Have a healthy recovery
187,0.0,@CBSNews,0.0,1.0,94,0.0,Sat Apr 21 23:23:25 +0000 2018,@frontlinepbs @pbs @npr @60Minutes @MeetThePress @MSNBC @latimes @nytimes @washingtonpost @sfchronicle‚Ä¶ https://t.co/TvehNyMMEW
188,0.0,@CBSNews,0.0,1.0,95,0.0,Sat Apr 21 23:23:24 +0000 2018,"RT @CBSNews: Danny Farquhar, Chicago White Sox pitcher, has brain hemorrhage during game https://t.co/cQX2ugZwIJ https://t.co/4udZPhkZ9P"
189,-0.8519,@CBSNews,0.341,0.659,96,0.0,Sat Apr 21 23:22:54 +0000 2018,"@CBSNews My condolences to the family, how devastating. 

Can we talk about mental illness yet? Or about the lack o‚Ä¶ https://t.co/3sfOadmCtY"
190,0.0,@CBSNews,0.0,1.0,97,0.0,Sat Apr 21 23:22:44 +0000 2018,"RT @CBSNews: Former President George H.W. Bush paid tribute to his late wife, former first lady Barbara Bush, in a very simple way: He wore‚Ä¶"
191,0.34,@CBSNews,0.0,0.676,98,0.324,Sat Apr 21 23:22:42 +0000 2018,@CBSNews Played any catch lately? üòÇüòÇüòÇ
192,0.0,@CBSNews,0.0,1.0,99,0.0,Sat Apr 21 23:22:41 +0000 2018,"RT @CBSNews: Danny Farquhar, Chicago White Sox pitcher, has brain hemorrhage during game https://t.co/cQX2ugZwIJ https://t.co/4udZPhkZ9P"
193,-0.8623,@CNN,0.336,0.664,0,0.0,Sat Apr 21 23:30:38 +0000 2018,@CNN That's sounds so stupid  Bernie all you do is keep repeating the same crap. The Democrats don't care about peo‚Ä¶ https://t.co/jEhLddrIJC
194,-0.765,@CNN,0.398,0.602,1,0.0,Sat Apr 21 23:30:38 +0000 2018,RT @CNN: Syracuse University expels fraternity involved in racist video https://t.co/A4Pc2rhBBO https://t.co/VdbuLOl85M
195,0.0,@CNN,0.0,1.0,2,0.0,Sat Apr 21 23:30:38 +0000 2018,RT @flaboogie: @TDNeliton @Gruvedawg @Luporobert2 @Griffindor57 @sheila06942158 @4AllFreeSpeech @vestonash @TheWantedEmcees @jametteriley @‚Ä¶
196,-0.5106,@CNN,0.155,0.845,3,0.0,Sat Apr 21 23:30:35 +0000 2018,"RT @skramerbyu_82: üí•While #Comey continues on his #HigherLoyalty tour he‚Äôs proving himself over&amp;over again2be a liar, leaker &amp; traitor. @CN‚Ä¶"
197,0.0,@CNN,0.0,1.0,4,0.0,Sat Apr 21 23:30:35 +0000 2018,RT @MeiniDanilo: @JRothenbergTV @TheCW @cwthe100 @warnerbrostv @WarnerBrosEnt @timscanlan @DrLawyercop @The100writers @glaad @PFLAG @BuzzFe‚Ä¶
198,0.8356,@CNN,0.0,0.643,5,0.357,Sat Apr 21 23:30:33 +0000 2018,"@CNN Yes stand up to the liberal bullies, and the elite media! promote free speech, 1st and 2nd amendments"
199,0.5106,@CNN,0.0,0.732,6,0.268,Sat Apr 21 23:30:33 +0000 2018,RT @ChairmanUtley: Retweet if you trust @TheOnion more than @CNN.
200,0.0,@CNN,0.0,1.0,7,0.0,Sat Apr 21 23:30:32 +0000 2018,"RT @jimmy_dore: Hey @murphy_paulp since U wrote a story calling me an ""extremist conpicracy theorist peddler"" cuz I'm anti-war, Y did CNN h‚Ä¶"
201,-0.3182,@CNN,0.176,0.733,8,0.092,Sat Apr 21 23:30:32 +0000 2018,"RT @CNN: ""Money was always a struggle ... I never forgot what it was like to be in a family that struggles financially,"" Sen. Bernie Sander‚Ä¶"
202,-0.6486,@CNN,0.142,0.858,9,0.0,Sat Apr 21 23:30:30 +0000 2018,"RT @CNN: Avicii songs ring out from this Dutch town's bell tower as a tribute to the Swedish artist, who was found dead Friday at the age o‚Ä¶"
203,0.0,@CNN,0.0,1.0,10,0.0,Sat Apr 21 23:30:29 +0000 2018,RT @TDNeliton: @Luporobert2 @Griffindor57 @Gruvedawg @sheila06942158 @4AllFreeSpeech @vestonash @TheWantedEmcees @jametteriley @youre_the_r‚Ä¶
204,-0.765,@CNN,0.398,0.602,11,0.0,Sat Apr 21 23:30:29 +0000 2018,RT @CNN: Syracuse University expels fraternity involved in racist video https://t.co/A4Pc2rhBBO https://t.co/VdbuLOl85M
205,-0.765,@CNN,0.398,0.602,12,0.0,Sat Apr 21 23:30:26 +0000 2018,RT @CNN: Syracuse University expels fraternity involved in racist video https://t.co/A4Pc2rhBBO https://t.co/VdbuLOl85M
206,0.0,@CNN,0.0,1.0,13,0.0,Sat Apr 21 23:30:25 +0000 2018,"RT @jimmy_dore: Hey @murphy_paulp since U wrote a story calling me an ""extremist conpicracy theorist peddler"" cuz I'm anti-war, Y did CNN h‚Ä¶"
207,-0.5267,@CNN,0.167,0.833,14,0.0,Sat Apr 21 23:30:25 +0000 2018,"RT @JordanChariton: .@jimmy_dore‚Äîfor @cnn, it‚Äôs conspiracy when journalists don‚Äôt simply believe what govt officials/ agencies tell them be‚Ä¶"
208,-0.3612,@CNN,0.106,0.894,15,0.0,Sat Apr 21 23:30:25 +0000 2018,"RT @CNN: First lady Melania Trump, the Obamas and the Clintons arrive at former first lady Barbara Bush's funeral in Houston https://t.co/0‚Ä¶"
209,-0.765,@CNN,0.398,0.602,16,0.0,Sat Apr 21 23:30:25 +0000 2018,RT @CNN: Syracuse University expels fraternity involved in racist video https://t.co/A4Pc2rhBBO https://t.co/VdbuLOl85M
210,-0.6486,@CNN,0.142,0.858,17,0.0,Sat Apr 21 23:30:24 +0000 2018,"RT @CNN: Avicii songs ring out from this Dutch town's bell tower as a tribute to the Swedish artist, who was found dead Friday at the age o‚Ä¶"
211,-0.5267,@CNN,0.167,0.833,18,0.0,Sat Apr 21 23:30:24 +0000 2018,"RT @JordanChariton: .@jimmy_dore‚Äîfor @cnn, it‚Äôs conspiracy when journalists don‚Äôt simply believe what govt officials/ agencies tell them be‚Ä¶"
212,-0.4215,@CNN,0.177,0.823,19,0.0,Sat Apr 21 23:30:22 +0000 2018,@CNN @VanJones68 Whats the odds finding a Jew in New York which is struggling financially....
213,-0.4767,@CNN,0.14,0.86,20,0.0,Sat Apr 21 23:30:21 +0000 2018,"RT @girl4_trump: With the #Mueller investigation unravelling as I type, &amp; #Comey #McCabe going down its gonna get much worse: 
#TrumpDerang‚Ä¶"
214,0.0,@CNN,0.0,1.0,21,0.0,Sat Apr 21 23:30:19 +0000 2018,RT @_CFJ_: @mike_pence @Delo_Taylor @marclamonthill @JoyAnnReid @donlemon @NAACP @BET @OfficialCBC @Kaepernick7 @nflcommish @MalcolmJenkins‚Ä¶
215,-0.6486,@CNN,0.142,0.858,22,0.0,Sat Apr 21 23:30:19 +0000 2018,"RT @CNN: Avicii songs ring out from this Dutch town's bell tower as a tribute to the Swedish artist, who was found dead Friday at the age o‚Ä¶"
216,0.0,@CNN,0.0,1.0,23,0.0,Sat Apr 21 23:30:17 +0000 2018,RT @jimmywhiz: @RoseFromPhila @CNN @VanJones68 @allinwithchris is mesmerized by him also.
217,0.7717,@CNN,0.0,0.749,24,0.251,Sat Apr 21 23:30:15 +0000 2018,@CNN @VanJones68 I love Bernie. Like he said we need to concentrate on the needs of the middle class NOT stuff abou‚Ä¶ https://t.co/v1jzvWZhUa
218,0.0,@CNN,0.0,1.0,25,0.0,Sat Apr 21 23:30:15 +0000 2018,@CNN  https://t.co/Npn36C0lVs
219,0.765,@CNN,0.0,0.703,26,0.297,Sat Apr 21 23:30:14 +0000 2018,"RT @jimmy_dore: Well, since @TuckerCarlson is doing much much better reporting on Syria than @CNN , Its clear @CNN @GianlucaMezzo are obvio‚Ä¶"
220,0.0,@CNN,0.0,1.0,27,0.0,Sat Apr 21 23:30:12 +0000 2018,RT @HardcaseGoneApe: Are the #Democrats @DNC finished? #MAGA #Trump #NoMoreDemocrats #DNCFraudlawsuit #DNC  @CNN  @FoxNews @POTUS @MarkDice‚Ä¶
221,-0.7985,@CNN,0.346,0.521,28,0.133,Sat Apr 21 23:30:12 +0000 2018,"@jimmy_dore @CNN [me] PROUD to be a RADICAL!

You're ""moderate""?
So SOME rape, SOME murder, theft, slandering, lies‚Ä¶ https://t.co/tPHbS3HSTW"
222,0.0,@CNN,0.0,1.0,29,0.0,Sat Apr 21 23:30:12 +0000 2018,RT @MeiniDanilo: @JRothenbergTV @TheCW @cwthe100 @warnerbrostv @WarnerBrosEnt @timscanlan @DrLawyercop @The100writers @glaad @PFLAG @BuzzFe‚Ä¶
223,0.0,@CNN,0.0,1.0,30,0.0,Sat Apr 21 23:30:12 +0000 2018,"@CNN @VanJones68 If you ""make money"" in public office, you should INSTANTLY be investigated...#FeelTheBurn"
224,0.0,@CNN,0.0,1.0,31,0.0,Sat Apr 21 23:30:12 +0000 2018,RT @CNN: Marriage is such a big issue in China that parents can resort to extreme measures to find their children a spouse. See how Shangha‚Ä¶
225,-0.3182,@CNN,0.176,0.733,32,0.092,Sat Apr 21 23:30:10 +0000 2018,"RT @CNN: ""Money was always a struggle ... I never forgot what it was like to be in a family that struggles financially,"" Sen. Bernie Sander‚Ä¶"
226,-0.0772,@CNN,0.061,0.939,33,0.0,Sat Apr 21 23:30:08 +0000 2018,"RT @CNN: A Texas charter school is apologizing after a teacher gave an assignment to an eighth grade American History class, asking student‚Ä¶"
227,0.2732,@CNN,0.083,0.794,34,0.123,Sat Apr 21 23:30:08 +0000 2018,"RT @CNN: Sen. Sanders says President Trump ""is aggressively ‚Äî and for cheap political gain ‚Äî he is trying to divide the people of our count‚Ä¶"
228,0.0,@CNN,0.0,1.0,35,0.0,Sat Apr 21 23:30:08 +0000 2018,https://t.co/KJJ55BpDvR¬†@eBay @youtube @Facebook @cnn @BBCBreaking @google @BBCWorld @twitter @cnnbrk @nytimes‚Ä¶ https://t.co/2aJVa35Qn4
229,-0.5859,@CNN,0.173,0.827,36,0.0,Sat Apr 21 23:30:06 +0000 2018,"RT @CNN: The CDC has expanded its warning about an E. coli outbreak connected to romaine lettuce to cover all forms of romaine, warning con‚Ä¶"
230,-0.4574,@CNN,0.187,0.813,37,0.0,Sat Apr 21 23:30:04 +0000 2018,"@CNN @BBCWorld @nytimes @washingtonpost @hrw @UNHumanRights @EU_Commission 
damn israel!
I and EVERY SINLGE MUSLIM‚Ä¶ https://t.co/Bt4PypI1xH"
231,0.0,@CNN,0.0,1.0,38,0.0,Sat Apr 21 23:30:04 +0000 2018,@Bud__Perry @CNN It seems to be the only site so far. USAmericadaily and Steemit ran it too but it was from this or‚Ä¶ https://t.co/yf9urbNOcy
232,0.0,@CNN,0.0,1.0,39,0.0,Sat Apr 21 23:30:04 +0000 2018,@jblevers @ScottRickhoff @side_show007 @oldairforcedude @CraigChermside @Inge_Mausi @Hotaugustknigh1 @NaomiBurke18‚Ä¶ https://t.co/Gelou65Isl
233,0.0,@CNN,0.0,1.0,40,0.0,Sat Apr 21 23:30:03 +0000 2018,"RT @CNN: This 7-year-old girl was the only student at an Alexandria, Virginia, elementary school to participate when students across the na‚Ä¶"
234,-0.5267,@CNN,0.274,0.726,41,0.0,Sat Apr 21 23:30:00 +0000 2018,@CNN @ABC @CBS @NBCNews @nytimes @washingtonpost ‚¨ÖÔ∏è Stupid AF https://t.co/eLVYNkc1Ex
235,0.0,@CNN,0.0,1.0,42,0.0,Sat Apr 21 23:29:59 +0000 2018,"@CNN @VanJones68 Oh look, the guy who thought one Trump speech made him presidential interviewing the guy who agree‚Ä¶ https://t.co/dzglkM6CUb"
236,0.0,@CNN,0.0,1.0,43,0.0,Sat Apr 21 23:29:59 +0000 2018,@VanJones68 @BernieSanders @CecileRichards @CNN He cost Hillary presidency
237,0.7351,@CNN,0.0,0.763,44,0.237,Sat Apr 21 23:29:59 +0000 2018,RT @President1Trump: #AMAZING: @CNN North Korean Reporter really lays on the praise and gives all credit to President Trump for North Korea‚Ä¶
238,0.0,@CNN,0.0,1.0,45,0.0,Sat Apr 21 23:29:58 +0000 2018,@CNN @VanJones68 He owns 3 homes
239,-0.1027,@CNN,0.097,0.903,46,0.0,Sat Apr 21 23:29:57 +0000 2018,"@TheBeatWithAri @MichaelAvenatti @Morning_Joe @CNNSitRoom @CNN Donald Trump, appears to think...
""Screw it. I will‚Ä¶ https://t.co/rKWf7gPVcw"
240,-0.7404,@CNN,0.354,0.501,47,0.145,Sat Apr 21 23:29:57 +0000 2018,@realnathanvond @CNN THERE WERE NO POSITIVE ASPECTS. STOLEN FROM YOUR HOME. FORCED ON SHIPS TIED UP WITH DISEASES.‚Ä¶ https://t.co/xCvwYW3tCF
241,0.5673,@CNN,0.0,0.831,48,0.169,Sat Apr 21 23:29:55 +0000 2018,"RT @AnOpenSecret: Investigation by @CNN shows  @YouTube allows channels promoting pedophilia! 

We have pointed this out many times!!! http‚Ä¶"
242,-0.8004,@CNN,0.705,0.295,49,0.0,Sat Apr 21 23:29:55 +0000 2018,@CNN More fake ass news
243,0.0,@CNN,0.0,1.0,50,0.0,Sat Apr 21 23:29:54 +0000 2018,@RoseFromPhila @jimmywhiz @CNN @VanJones68 Oh they must be doing softball practice - as in practicing the softball‚Ä¶ https://t.co/sxVdtgHwWM
244,-0.9559,@CNN,0.494,0.506,51,0.0,Sat Apr 21 23:29:54 +0000 2018,"@jimmy_dore @CNN Sometimes you're a little goofy, but this time you're right.  This is some fucked up shit.  Scandalous, really."
245,0.0,@CNN,0.0,1.0,52,0.0,Sat Apr 21 23:29:53 +0000 2018,RT @HardcaseGoneApe: Are the #Democrats @DNC finished? #MAGA #Trump #NoMoreDemocrats #DNCFraudlawsuit #DNC  @CNN  @FoxNews @POTUS @MarkDice‚Ä¶
246,0.4588,@CNN,0.0,0.87,53,0.13,Sat Apr 21 23:29:49 +0000 2018,"RT @TomMorrisJr1: Verne Troyer, 'Mini-Me' in Austin Powers films, dies at 49 @CNN https://t.co/dluqWF332W
One of my favorite actors who mad‚Ä¶"
247,0.0,@CNN,0.0,1.0,54,0.0,Sat Apr 21 23:29:47 +0000 2018,@CNN üò≥ü§®ü§®ü§®ü§®ü§®ü§®ü§®ü§®ü§®
248,-0.6486,@CNN,0.29,0.609,55,0.1,Sat Apr 21 23:29:44 +0000 2018,"@UserAltum @victorfarteaga @CNN Your claim was ‚Äú2002 was the pistol ban, which is why there a nice gun drop, and st‚Ä¶ https://t.co/S0QnNZy87N"
249,0.0,@CNN,0.0,1.0,56,0.0,Sat Apr 21 23:29:43 +0000 2018,"RT @CNN: This 7-year-old girl was the only student at an Alexandria, Virginia, elementary school to participate when students across the na‚Ä¶"
250,0.0,@CNN,0.0,1.0,57,0.0,Sat Apr 21 23:29:42 +0000 2018,RT @MeiniDanilo: @JRothenbergTV @TheCW @cwthe100 @warnerbrostv @WarnerBrosEnt @timscanlan @DrLawyercop @The100writers @glaad @PFLAG @BuzzFe‚Ä¶
251,0.5904,@CNN,0.074,0.702,58,0.224,Sat Apr 21 23:29:41 +0000 2018,YES HOLD HANDS w TRUMP‚Ä¶ see Vanity Fair piece. 23/ Especially since Peter Thiel is one of Trump‚Äôs most senior advis‚Ä¶ https://t.co/eCQ4DZ5nsA
252,-0.3182,@CNN,0.141,0.859,59,0.0,Sat Apr 21 23:29:39 +0000 2018,@JulieAnnLily @pdacosta @ericgarland @CNN @RandPaul @FBIWFO Neolib believes critical thinking skill equates to sidi‚Ä¶ https://t.co/4kbVGya6jN
253,0.0,@CNN,0.0,1.0,60,0.0,Sat Apr 21 23:29:38 +0000 2018,"RT @jimmy_dore: Hey @murphy_paulp since U wrote a story calling me an ""extremist conpicracy theorist peddler"" cuz I'm anti-war, Y did CNN h‚Ä¶"
254,-0.5994,@CNN,0.245,0.755,61,0.0,Sat Apr 21 23:29:38 +0000 2018,RT @SteveDavidMike2: @TiffanyHaddish @SunüåûSpecialRequest Vüå∑@GunsNRoses Civil War @AxlRose @Slash @DuffMcKagan @JimiHendrix @TheRock @KevinH‚Ä¶
255,0.0,@CNN,0.0,1.0,62,0.0,Sat Apr 21 23:29:38 +0000 2018,RT @CraigChermside: @roseandkim @side_show007 @jblevers @ScottRickhoff @oldairforcedude @Inge_Mausi @Hotaugustknigh1 @NaomiBurke18 @Trader_‚Ä¶
256,0.0,@CNN,0.0,1.0,63,0.0,Sat Apr 21 23:29:36 +0000 2018,"@RealCandaceO @RubinReport 8 yrs of @BarackObama
Record welfare &amp; food stamps

1 yr of @realDonaldTrump
HIGHEST bla‚Ä¶ https://t.co/6FRSTD0b4P"
257,-0.3182,@CNN,0.176,0.733,64,0.092,Sat Apr 21 23:29:35 +0000 2018,"RT @CNN: ""Money was always a struggle ... I never forgot what it was like to be in a family that struggles financially,"" Sen. Bernie Sander‚Ä¶"
258,0.5754,@CNN,0.0,0.79,65,0.21,Sat Apr 21 23:29:35 +0000 2018,"RT @HoseokArg: ¬°POR FAVOR AYUDEMOS A NICARAGUA!

@telefe @eltreceoficial @eltreceprensa @CNNEPrensa
@TVN @T13 @chilevision @CNN @Sintesis_1‚Ä¶"
259,-0.6486,@CNN,0.142,0.858,66,0.0,Sat Apr 21 23:29:35 +0000 2018,"RT @CNN: Avicii songs ring out from this Dutch town's bell tower as a tribute to the Swedish artist, who was found dead Friday at the age o‚Ä¶"
260,-0.3818,@CNN,0.115,0.885,67,0.0,Sat Apr 21 23:29:33 +0000 2018,@CNN @VanJones68 He should try losing an Exacta by a nostril to Wayne Rice and Arianne Cox.  For a $100 ticket wort‚Ä¶ https://t.co/XG8xaLBX3U
261,-0.2732,@CNN,0.309,0.531,68,0.159,Sat Apr 21 23:29:30 +0000 2018,RT @CNN: Hawaii rescue boat operator accused of demanding money from flood victims https://t.co/O2WkYlmmb5 https://t.co/KveI3AGSD5
262,0.0,@CNN,0.0,1.0,69,0.0,Sat Apr 21 23:29:30 +0000 2018,"RT @CNN: This 7-year-old girl was the only student at an Alexandria, Virginia, elementary school to participate when students across the na‚Ä¶"
263,0.0,@CNN,0.0,1.0,70,0.0,Sat Apr 21 23:29:25 +0000 2018,@CNN This is Hoggwash!
264,0.0258,@CNN,0.128,0.741,71,0.132,Sat Apr 21 23:29:24 +0000 2018,RT @KrisParonto: What‚Äôs sad is that this is a pretty dang accurate assessment üò°üòû @CNN @DNC @MSNBC @nytimes @washingtonpost @Salon @voxdotco‚Ä¶
265,0.0,@CNN,0.0,1.0,72,0.0,Sat Apr 21 23:29:23 +0000 2018,@roseandkim @side_show007 @jblevers @ScottRickhoff @oldairforcedude @Inge_Mausi @Hotaugustknigh1 @NaomiBurke18‚Ä¶ https://t.co/GujVKzgCQ4
266,-0.3802,@CNN,0.148,0.761,73,0.091,Sat Apr 21 23:29:23 +0000 2018,RT @RoseFromPhila: Time the turn off @CNN as @VanJones68 having Bernie Sanders the Fraud and Grifter on! Seems like media doing a rehash of‚Ä¶
267,0.0,@CNN,0.0,1.0,74,0.0,Sat Apr 21 23:29:22 +0000 2018,RT @TishMoscow: @CraigChermside @roseandkim @side_show007 @jblevers @ScottRickhoff @oldairforcedude @Inge_Mausi @Hotaugustknigh1 @NaomiBurk‚Ä¶
268,-0.3612,@CNN,0.106,0.894,75,0.0,Sat Apr 21 23:29:21 +0000 2018,"RT @CNN: Former first lady Barbara Bush's casket, carried by 8 grandsons, leaves her funeral in Houston, Texas, as her husband, former Pres‚Ä¶"
269,-0.3182,@CNN,0.176,0.733,76,0.092,Sat Apr 21 23:29:21 +0000 2018,"RT @CNN: ""Money was always a struggle ... I never forgot what it was like to be in a family that struggles financially,"" Sen. Bernie Sander‚Ä¶"
270,0.0,@CNN,0.0,1.0,77,0.0,Sat Apr 21 23:29:20 +0000 2018,RT @Hoping2HelpMom: @JoyAnnReid @amjoyshow @maddow @CNN @MSNBC @nytimes @washingtonpost @Lawrence @RWPUSA @AriMelber @TheBeatWithAri @Chris‚Ä¶
271,0.7579,@CNN,0.0,0.711,78,0.289,Sat Apr 21 23:29:18 +0000 2018,@CNN @VanJones68 Is that why he took assistance from the NRA to help him win his senate seat?
272,0.0,@CNN,0.0,1.0,79,0.0,Sat Apr 21 23:29:17 +0000 2018,"RT @_CFJ_: RIP Laquante 28y/o

Shot Jul 13
https://t.co/lnhrz1F6Tm

#BlackLivesMatter‚ÅâÔ∏èProtest‚ÅâÔ∏è

@POTUS‚ÅâÔ∏è

@CBS @ABC @NBC @CNN @MSNBC&amp; @PO‚Ä¶"
273,0.2263,@CNN,0.0,0.905,80,0.095,Sat Apr 21 23:29:16 +0000 2018,"I don't watch TV.. I watch the internet... I even watch TV on the internet..
Nobody watches TV straight up anymore.‚Ä¶ https://t.co/TcvQZPtZYd"
274,-0.4019,@CNN,0.218,0.657,81,0.125,Sat Apr 21 23:29:15 +0000 2018,@Sablebell @AC360 @CNN Trump deserves no praise for anything. He is one of the worst human beings in this planet. 2‚Ä¶ https://t.co/5e42GZZQ4F
275,0.0,@CNN,0.0,1.0,82,0.0,Sat Apr 21 23:29:15 +0000 2018,RT @CNN: Marriage is such a big issue in China that parents can resort to extreme measures to find their children a spouse. See how Shangha‚Ä¶
276,0.0,@CNN,0.0,1.0,83,0.0,Sat Apr 21 23:29:13 +0000 2018,RT @_CFJ_: @mike_pence @Delo_Taylor @marclamonthill @JoyAnnReid @donlemon @NAACP @BET @OfficialCBC @Kaepernick7 @nflcommish @MalcolmJenkins‚Ä¶
277,-0.0772,@CNN,0.061,0.939,84,0.0,Sat Apr 21 23:29:12 +0000 2018,"RT @CNN: A Texas charter school is apologizing after a teacher gave an assignment to an eighth grade American History class, asking student‚Ä¶"
278,0.0,@CNN,0.0,1.0,85,0.0,Sat Apr 21 23:29:11 +0000 2018,@3Conservative @KrisParonto @CNN @DNC @MSNBC @nytimes @washingtonpost @Salon @voxdotcom @chelseahandler @TheView‚Ä¶ https://t.co/JxfrzjDNcV
279,0.1779,@CNN,0.099,0.73,86,0.172,Sat Apr 21 23:29:10 +0000 2018,@CNN @CNNOpinion Accidents such as this one will prevent others. Those passengers were all fortunate to be with suc‚Ä¶ https://t.co/CJY5RuKo49
280,0.0772,@CNN,0.0,0.902,87,0.098,Sat Apr 21 23:29:09 +0000 2018,"RT @perfectsliders: .@CNN reports, 82% of Americans say they want DACA to continue"
281,-0.4767,@CNN,0.14,0.86,88,0.0,Sat Apr 21 23:29:08 +0000 2018,"RT @girl4_trump: With the #Mueller investigation unravelling as I type, &amp; #Comey #McCabe going down its gonna get much worse: 
#TrumpDerang‚Ä¶"
282,0.0,@CNN,0.0,1.0,89,0.0,Sat Apr 21 23:29:08 +0000 2018,RT @_CFJ_: @mike_pence @Delo_Taylor @marclamonthill @JoyAnnReid @donlemon @NAACP @BET @OfficialCBC @Kaepernick7 @nflcommish @MalcolmJenkins‚Ä¶
283,-0.5106,@CNN,0.155,0.845,90,0.0,Sat Apr 21 23:29:08 +0000 2018,"RT @skramerbyu_82: üí•While #Comey continues on his #HigherLoyalty tour he‚Äôs proving himself over&amp;over again2be a liar, leaker &amp; traitor. @CN‚Ä¶"
284,-0.1531,@CNN,0.082,0.918,91,0.0,Sat Apr 21 23:29:07 +0000 2018,RT @jimmy_dore: @murphy_paulp @RichardHasse @JSException @CNN Maybe you should try defending your hit piece by confronting me directly toda‚Ä¶
285,0.34,@CNN,0.122,0.676,92,0.203,Sat Apr 21 23:29:06 +0000 2018,"RT @CNN: Verne Troyer, the actor best known for playing Mini-Me in the Austin Powers films, has died. He was 49. https://t.co/RFOz7xkZfv ht‚Ä¶"
286,-0.6486,@CNN,0.142,0.858,93,0.0,Sat Apr 21 23:29:05 +0000 2018,"RT @CNN: Avicii songs ring out from this Dutch town's bell tower as a tribute to the Swedish artist, who was found dead Friday at the age o‚Ä¶"
287,0.296,@CNN,0.0,0.891,94,0.109,Sat Apr 21 23:29:05 +0000 2018,@Bryan4USA @Kim_1968220 @teapot_russells @CNN @KyleKashuv Yep. They did. Just look at them. Hogg is Anderson Cooper's little alter boy.
288,0.0,@CNN,0.0,1.0,95,0.0,Sat Apr 21 23:29:02 +0000 2018,@CNN @VanJones68 So your answer to that is to charge people 50% of their income and let the government have full co‚Ä¶ https://t.co/LDKii0Nnzw
289,-0.3182,@CNN,0.176,0.733,96,0.092,Sat Apr 21 23:29:01 +0000 2018,"RT @CNN: ""Money was always a struggle ... I never forgot what it was like to be in a family that struggles financially,"" Sen. Bernie Sander‚Ä¶"
290,0.0,@CNN,0.0,1.0,97,0.0,Sat Apr 21 23:29:00 +0000 2018,@GregSherrow @frontlinepbs @PBS @NPR @60Minutes @MeetThePress @MSNBC @latimes @nytimes @washingtonpost @sfchronicle‚Ä¶ https://t.co/kdQv8ppHOn
291,0.0,@CNN,0.0,1.0,98,0.0,Sat Apr 21 23:29:00 +0000 2018,RT @Cfiallos8: @nbc @BBCBreaking @CNN @BBC_HaveYourSay @HoustonChron @nytimes @washingtonpost @BBCWorld @HuffPost what's happening in #nica‚Ä¶
292,-0.6892,@CNN,0.319,0.681,99,0.0,Sat Apr 21 23:29:00 +0000 2018,The four-legged casualties of the opioid crisis @CNN https://t.co/GX9VOpfAHk OMG!! #OpioidCrisis
293,0.296,@FoxNews,0.0,0.855,0,0.145,Sat Apr 21 23:30:41 +0000 2018,"@libertyorklepto @TrumpIsKnownAs @FoxNews Ok doofus, what does that have to do with Barbara Bush?"
294,-0.8689,@FoxNews,0.419,0.581,1,0.0,Sat Apr 21 23:30:40 +0000 2018,"@FoxNews @dbongino Kick His Behind, Why Do The Dems Ignore @HillaryClinton ‚Äòs Brutal Lack Of Insensitive Feelings S‚Ä¶ https://t.co/Ojx9A2Or8y"
295,-0.3612,@FoxNews,0.102,0.898,2,0.0,Sat Apr 21 23:30:39 +0000 2018,"RT @FoxNews: After attending the funeral service of former First Lady Barbara Bush, @FLOTUS tweeted her thoughts and prayers for the Bush f‚Ä¶"
296,0.0,@FoxNews,0.0,1.0,3,0.0,Sat Apr 21 23:30:37 +0000 2018,@pacolumbo1 @FoxNews @AlanDersh @POTUS Its obvious you're not fully aware of the situation
297,0.0516,@FoxNews,0.119,0.75,4,0.131,Sat Apr 21 23:30:37 +0000 2018,RT @FoxNews: North Dakota airman's surprise homecoming brings 8-year-old son to tears https://t.co/nD8Z2InuGx https://t.co/hvej49CwGO
298,-0.4404,@FoxNews,0.162,0.838,5,0.0,Sat Apr 21 23:30:36 +0000 2018,"@FoxNews @dbongino Felipe is a dirty little rat, fOXNews won‚Äôt even have him on anymore with @SebGorka"
299,-0.5106,@FoxNews,0.155,0.845,6,0.0,Sat Apr 21 23:30:35 +0000 2018,"RT @skramerbyu_82: üí•While #Comey continues on his #HigherLoyalty tour he‚Äôs proving himself over&amp;over again2be a liar, leaker &amp; traitor. @CN‚Ä¶"
300,-0.4019,@FoxNews,0.205,0.695,7,0.1,Sat Apr 21 23:30:35 +0000 2018,"RT @FoxNews: .@AlanDersh: ""We have a presumption of innocence - and I see no indication that @POTUS did anything wrong either before he bec‚Ä¶"
301,0.0,@FoxNews,0.0,1.0,8,0.0,Sat Apr 21 23:30:35 +0000 2018,@FoxNews +
302,0.7163,@FoxNews,0.0,0.707,9,0.293,Sat Apr 21 23:30:34 +0000 2018,"@FoxNews @dbongino #Resist The obstructionist Socialist Deep-State, keep Making America great !!! https://t.co/WBaEmn0i8J"
303,0.6369,@FoxNews,0.0,0.826,10,0.174,Sat Apr 21 23:30:34 +0000 2018,RT @FoxNews: .@RepLeeZeldin: ‚Äú[Mike Pompeo] can be one of the greatest secretaries of state that our nation has ever seen.‚Äù https://t.co/Pg‚Ä¶
304,-0.1531,@FoxNews,0.126,0.772,11,0.102,Sat Apr 21 23:30:34 +0000 2018,"RT @stopthenutjob: 24/7 @realDonaldTrump is thinking ""What would a dictator like Adolph do?""
1) Attack media: Maggie Haberman
2) Call for j‚Ä¶"
305,0.0,@FoxNews,0.0,1.0,12,0.0,Sat Apr 21 23:30:32 +0000 2018,@FoxNews @IngrahamAngle @RepLeeZeldin We will see as times  passes!
306,0.0,@FoxNews,0.0,1.0,13,0.0,Sat Apr 21 23:30:31 +0000 2018,"RT @FoxNews: .@TomiLahren: ""When the governor of California says, 'I'm not going to let the @USNationalGuard enforce federal immigration la‚Ä¶"
307,-0.3612,@FoxNews,0.2,0.655,14,0.145,Sat Apr 21 23:30:31 +0000 2018,RT @TheRickyDavila: How the depraved racists at @FoxNews Propaganda treated President Barack Obama for 8 years. Now they want us to treat a‚Ä¶
308,0.1531,@FoxNews,0.102,0.772,15,0.126,Sat Apr 21 23:30:29 +0000 2018,"RT @FoxNews: Former Florida Governor Jeb Bush comforts his father, former President George H.W. Bush during a funeral service for his mothe‚Ä¶"
309,0.3818,@FoxNews,0.0,0.88,16,0.12,Sat Apr 21 23:30:28 +0000 2018,RT @FoxNews: 'Angel Mom' Slams CA Gov. on Sanctuary Law: 'I Would Expect My Government to Protect Us' https://t.co/HqgRRKjxVu https://t.co/‚Ä¶
310,0.0,@FoxNews,0.0,1.0,17,0.0,Sat Apr 21 23:30:27 +0000 2018,@FoxNews @AlanDersh @POTUS  https://t.co/6oo3pPvSgo
311,0.2023,@FoxNews,0.157,0.609,18,0.235,Sat Apr 21 23:30:26 +0000 2018,@FoxNews @FLOTUS Hope you didn't go closer to Sr.  Bush's wheelchair to comfort him.He has nasty habits.
312,0.3818,@FoxNews,0.0,0.843,19,0.157,Sat Apr 21 23:30:26 +0000 2018,"@GregoryEllner @ShaunBarger @SBOEDist12 @FoxNews I accept this critique, and have changed my opinion of that . . . individual. üòÖ"
313,-0.7837,@FoxNews,0.349,0.558,20,0.093,Sat Apr 21 23:30:26 +0000 2018,"RT @EWErickson: Most attacks on @FDRLST are like most attacks on @FoxNews, professional jealousies masquerading as concern for propriety.‚Ä¶"
314,0.0,@FoxNews,0.0,1.0,21,0.0,Sat Apr 21 23:30:25 +0000 2018,"@trickyricky68 @FoxNews @IngrahamAngle @Comey @POTUS Typical liberal, when they can't debate someone, they turn to‚Ä¶ https://t.co/HepEPlG9vL"
315,-0.296,@FoxNews,0.128,0.872,22,0.0,Sat Apr 21 23:30:25 +0000 2018,RT @FoxNews: DC lawmaker accused of anti-Semitism reportedly gave constituent funds to Louis Farrakhan event https://t.co/fzPtBImrNF
316,0.3818,@FoxNews,0.0,0.88,23,0.12,Sat Apr 21 23:30:25 +0000 2018,RT @FoxNews: 'Angel Mom' Slams CA Gov. on Sanctuary Law: 'I Would Expect My Government to Protect Us' https://t.co/bj6I2vAncW https://t.co/‚Ä¶
317,-0.6486,@FoxNews,0.223,0.777,24,0.0,Sat Apr 21 23:30:24 +0000 2018,"RT @FoxNews: Verne Troyer, Mini-Me in 'Austin Powers' movies, is dead at 49, spokesperson confirms https://t.co/4mO5E5qiDt"
318,-0.2263,@FoxNews,0.128,0.872,25,0.0,Sat Apr 21 23:30:23 +0000 2018,@FoxNews @dbongino #JesusToday #JesusTomorrow  #JesusForever  Lawsuit I suppose @DNC using the F-Bomb and screaming‚Ä¶ https://t.co/DxAnKfcGZX
319,0.0,@FoxNews,0.0,1.0,26,0.0,Sat Apr 21 23:30:23 +0000 2018,"To date 9,948 #TrumpHaters have contributed $319,931.00 to #StormyDaniels for attorney fees and other expenses‚Ä¶ https://t.co/j7hqIPphBs"
320,-0.4767,@FoxNews,0.193,0.807,27,0.0,Sat Apr 21 23:30:22 +0000 2018,@realjeanniep @bakerlarry84 @FoxNews @AlanDersh @POTUS 100% Fake Sean Hannity news. That's what he does.
321,-0.4118,@FoxNews,0.282,0.718,28,0.0,Sat Apr 21 23:30:21 +0000 2018,@FoxNews Why is this crazy c$&amp;&amp; getting airtime
322,-0.7964,@FoxNews,0.336,0.664,29,0.0,Sat Apr 21 23:30:20 +0000 2018,@FoxNews Some school should have the guts to fire these useless space holders. They are worthless drains on society.
323,0.4215,@FoxNews,0.0,0.872,30,0.128,Sat Apr 21 23:30:20 +0000 2018,"RT @RealCandaceO: ‚Äú@realDonaldTrump represents the first opportunity for black Americans to jump off of this ideological slave ship, that i‚Ä¶"
324,0.0,@FoxNews,0.0,1.0,31,0.0,Sat Apr 21 23:30:20 +0000 2018,@FoxNews The minute I saw NBC/Wall Street Journal I knew that this pole was unreliable.
325,-0.3182,@FoxNews,0.126,0.874,32,0.0,Sat Apr 21 23:30:19 +0000 2018,RT @FoxNews: Missouri mother watched home burn down with her four sons inside: 'She lost everything' https://t.co/2PhTjn3SbW
326,0.4404,@FoxNews,0.0,0.782,33,0.218,Sat Apr 21 23:30:19 +0000 2018,"@ByronYork @FoxNews Any Governor challenging the Federal Immigration, Electoral laws; must be held responsible for‚Ä¶ https://t.co/ztd6a5z8jG"
327,0.3818,@FoxNews,0.0,0.88,34,0.12,Sat Apr 21 23:30:19 +0000 2018,RT @FoxNews: 'Angel Mom' Slams CA Gov. on Sanctuary Law: 'I Would Expect My Government to Protect Us' https://t.co/bj6I2vAncW https://t.co/‚Ä¶
328,0.4215,@FoxNews,0.0,0.865,35,0.135,Sat Apr 21 23:30:19 +0000 2018,@cfreshsobrookln @FoxNews @realDonaldTrump He was telling her that it was nice to actually sit next to an attractiv‚Ä¶ https://t.co/yPVCAVfa7l
329,0.2732,@FoxNews,0.0,0.905,36,0.095,Sat Apr 21 23:30:18 +0000 2018,RT @summer7570: @jdice03 @FoxNews We need to get rid of Trump‚Äôs Fcc head and create a fairness doctrine for cable etc. https://t.co/xeYQzZO‚Ä¶
330,0.0,@FoxNews,0.0,1.0,37,0.0,Sat Apr 21 23:30:18 +0000 2018,"RT @DesignationSix: Here are some @FoxNews advertisers.Since I have them tagged here they will each get notified every time you hit Like,Re‚Ä¶"
331,0.0,@FoxNews,0.0,1.0,38,0.0,Sat Apr 21 23:30:17 +0000 2018,@FoxNews I question these results based on how the question was posed.
332,0.3818,@FoxNews,0.0,0.88,39,0.12,Sat Apr 21 23:30:17 +0000 2018,RT @FoxNews: 'Angel Mom' Slams CA Gov. on Sanctuary Law: 'I Would Expect My Government to Protect Us' https://t.co/HqgRRKjxVu https://t.co/‚Ä¶
333,-0.296,@FoxNews,0.115,0.885,40,0.0,Sat Apr 21 23:30:17 +0000 2018,"@CaraotaDigital @CNNEE @FoxNews El MONGOLICO ex animador de Venevisi√≥n Winston Vasenilla, dice: Que importa si no c‚Ä¶ https://t.co/pALL0MEmn4"
334,-0.3875,@FoxNews,0.226,0.774,41,0.0,Sat Apr 21 23:30:17 +0000 2018,"@amshebron @FoxNews @dbongino So, I guess you don't enjoy facts either."
335,0.1027,@FoxNews,0.089,0.806,42,0.105,Sat Apr 21 23:30:15 +0000 2018,"RT @EdKrassen: It's as clear that President Trump, @FoxNews &amp; several House Republicans are colluding to discredit James Comey &amp; Andrew McC‚Ä¶"
336,-0.6249,@FoxNews,0.221,0.779,43,0.0,Sat Apr 21 23:30:14 +0000 2018,RT @ShannonBream: Plus: breaking open a potential scandal within the State Dept regarding an Obama-era appointee accused of putting up barr‚Ä¶
337,0.4215,@FoxNews,0.0,0.872,44,0.128,Sat Apr 21 23:30:14 +0000 2018,"RT @RealCandaceO: ‚Äú@realDonaldTrump represents the first opportunity for black Americans to jump off of this ideological slave ship, that i‚Ä¶"
338,0.0,@FoxNews,0.0,1.0,45,0.0,Sat Apr 21 23:30:14 +0000 2018,"RT @DesignationSix: Here are some @FoxNews advertisers.Since I have them tagged here they will each get notified every time you hit Like,Re‚Ä¶"
339,0.0,@FoxNews,0.0,1.0,46,0.0,Sat Apr 21 23:30:12 +0000 2018,RT @HardcaseGoneApe: Are the #Democrats @DNC finished? #MAGA #Trump #NoMoreDemocrats #DNCFraudlawsuit #DNC  @CNN  @FoxNews @POTUS @MarkDice‚Ä¶
340,0.4019,@FoxNews,0.0,0.838,47,0.162,Sat Apr 21 23:30:11 +0000 2018,RT @FoxNews: A bomb-sniffing dog named Lacy was given a retirement party after 8 years of service. https://t.co/v79tGtpU9A
341,0.5859,@FoxNews,0.0,0.847,48,0.153,Sat Apr 21 23:30:11 +0000 2018,@FoxNews @dbongino Can‚Äôt wait for the discovery phase and the dnc has to turn over all their records.   Big wow.  J‚Ä¶ https://t.co/XR2QTNtLEk
342,-0.6476,@FoxNews,0.398,0.602,49,0.0,Sat Apr 21 23:30:10 +0000 2018,@SchlaflysCorpse @FoxNews U are a useless human being. You serve no Purpose!
343,0.3818,@FoxNews,0.0,0.88,50,0.12,Sat Apr 21 23:30:09 +0000 2018,RT @FoxNews: 'Angel Mom' Slams CA Gov. on Sanctuary Law: 'I Would Expect My Government to Protect Us' https://t.co/bj6I2vAncW https://t.co/‚Ä¶
344,-0.0516,@FoxNews,0.137,0.735,51,0.127,Sat Apr 21 23:30:07 +0000 2018,"RT @FoxNews: .@newtgingrich: ""It's clear that [@HillaryClinton] broke the law over and over and over again."" https://t.co/heWt79M6Vk"
345,0.4215,@FoxNews,0.0,0.872,52,0.128,Sat Apr 21 23:30:07 +0000 2018,"RT @RealCandaceO: ‚Äú@realDonaldTrump represents the first opportunity for black Americans to jump off of this ideological slave ship, that i‚Ä¶"
346,0.0,@FoxNews,0.0,1.0,53,0.0,Sat Apr 21 23:30:07 +0000 2018,@FoxNews R.I.P. Mini-Me üò≠üò≠ https://t.co/emBy4N8ZAY
347,0.0,@FoxNews,0.0,1.0,54,0.0,Sat Apr 21 23:30:07 +0000 2018,@Okay48789286 @everlast_223 @FoxNews Saying what
348,0.6369,@FoxNews,0.0,0.826,55,0.174,Sat Apr 21 23:30:07 +0000 2018,RT @FoxNews: .@RepLeeZeldin: ‚Äú[Mike Pompeo] can be one of the greatest secretaries of state that our nation has ever seen.‚Äù https://t.co/Pg‚Ä¶
349,0.0,@FoxNews,0.0,1.0,56,0.0,Sat Apr 21 23:30:06 +0000 2018,@c03uxok13xe7w21 @FoxNews #Syria |üîª|üìπ|More than [ 300 ] Syrian and Russian¬§airstrikes¬§since the¬§start of¬§attacks by‚Ä¶ https://t.co/iAUYbqKPEY
350,0.0,@FoxNews,0.0,1.0,57,0.0,Sat Apr 21 23:30:02 +0000 2018,@DaveRowlen @FoxNews @FLOTUS Carters didn‚Äôt see them
351,0.0,@FoxNews,0.0,1.0,58,0.0,Sat Apr 21 23:30:01 +0000 2018,RT @GhostAr1234: @zingars @estocker8 @BBCWorld @V_of_Europe @FoxNews @OANN  https://t.co/RTfVsh9XUF
352,-0.3612,@FoxNews,0.102,0.898,59,0.0,Sat Apr 21 23:30:01 +0000 2018,"RT @FoxNews: After attending the funeral service of former First Lady Barbara Bush, @FLOTUS tweeted her thoughts and prayers for the Bush f‚Ä¶"
353,0.6249,@FoxNews,0.0,0.796,60,0.204,Sat Apr 21 23:30:01 +0000 2018,RT @Brandon20096395: @RealCandaceO @realDonaldTrump @foxandfriends @TPUSA @FoxNews You are awesome. Finally a voice of reason in the midst‚Ä¶
354,-0.3612,@FoxNews,0.102,0.898,61,0.0,Sat Apr 21 23:30:01 +0000 2018,"RT @FoxNews: After attending the funeral service of former First Lady Barbara Bush, @FLOTUS tweeted her thoughts and prayers for the Bush f‚Ä¶"
355,-0.296,@FoxNews,0.128,0.872,62,0.0,Sat Apr 21 23:29:59 +0000 2018,RT @FoxNews: DC lawmaker accused of anti-Semitism reportedly gave constituent funds to Louis Farrakhan event https://t.co/fzPtBImrNF
356,0.4404,@FoxNews,0.0,0.775,63,0.225,Sat Apr 21 23:29:59 +0000 2018,@Helenblue2 @FoxNews @TGowdySC @Comey @realDonaldTrump Exactly how are you better off?
357,0.0772,@FoxNews,0.079,0.83,64,0.091,Sat Apr 21 23:29:58 +0000 2018,"RT @SarahConnor2017: And in other news, water is wet.

@FoxNews has never been news (let alone fair and balanced) and @seanhannity is a col‚Ä¶"
358,-0.3244,@FoxNews,0.205,0.679,65,0.117,Sat Apr 21 23:29:56 +0000 2018,"@FoxNews I don't care what your political bent is, 76 years is a triumph by any standard. It must be a bitter sweet‚Ä¶ https://t.co/EtA69sX0lN"
359,0.0,@FoxNews,0.0,1.0,66,0.0,Sat Apr 21 23:29:56 +0000 2018,"@FoxNews Britain should have been called out for using lethal force against the Germans in 1940, right?"
360,0.1531,@FoxNews,0.102,0.772,67,0.126,Sat Apr 21 23:29:56 +0000 2018,"RT @FoxNews: Former Florida Governor Jeb Bush comforts his father, former President George H.W. Bush during a funeral service for his mothe‚Ä¶"
361,0.0,@FoxNews,0.0,1.0,68,0.0,Sat Apr 21 23:29:55 +0000 2018,@WattersWorld @JesseBWatters @StephenBaldwin7 @TomiLahren D-list of celebrities appearing on @FoxNews continues.... https://t.co/fpaiwvl3hE
362,0.0,@FoxNews,0.0,1.0,69,0.0,Sat Apr 21 23:29:54 +0000 2018,"RT @DesignationSix: Here are some @FoxNews advertisers.Since I have them tagged here they will each get notified every time you hit Like,Re‚Ä¶"
363,-0.2481,@FoxNews,0.399,0.601,70,0.0,Sat Apr 21 23:29:54 +0000 2018,@FoxNews @HillaryClinton Seriously! https://t.co/Sxg0BOibVf
364,-0.6486,@FoxNews,0.223,0.777,71,0.0,Sat Apr 21 23:29:53 +0000 2018,"RT @FoxNews: Verne Troyer, Mini-Me in 'Austin Powers' movies, is dead at 49, spokesperson confirms https://t.co/4mO5E5qiDt"
365,-0.5848,@FoxNews,0.269,0.731,72,0.0,Sat Apr 21 23:29:53 +0000 2018,RT @FoxNews: 'You Know Nothing!': @dbongino Battles Former Clinton Aide Over DNC Lawsuit https://t.co/ZiCwdoaVhD https://t.co/E5MlA6SXN4
366,0.0,@FoxNews,0.0,1.0,73,0.0,Sat Apr 21 23:29:53 +0000 2018,RT @HardcaseGoneApe: Are the #Democrats @DNC finished? #MAGA #Trump #NoMoreDemocrats #DNCFraudlawsuit #DNC  @CNN  @FoxNews @POTUS @MarkDice‚Ä¶
367,0.0,@FoxNews,0.0,1.0,74,0.0,Sat Apr 21 23:29:52 +0000 2018,RT @FoxNews: School bus driver removed from route for leading young passengers in prayer https://t.co/hpM1raBM2C
368,0.4215,@FoxNews,0.0,0.872,75,0.128,Sat Apr 21 23:29:52 +0000 2018,"RT @RealCandaceO: ‚Äú@realDonaldTrump represents the first opportunity for black Americans to jump off of this ideological slave ship, that i‚Ä¶"
369,0.4215,@FoxNews,0.0,0.872,76,0.128,Sat Apr 21 23:29:51 +0000 2018,"RT @RealCandaceO: ‚Äú@realDonaldTrump represents the first opportunity for black Americans to jump off of this ideological slave ship, that i‚Ä¶"
370,0.0,@FoxNews,0.0,1.0,77,0.0,Sat Apr 21 23:29:48 +0000 2018,RT @crizaans: @FoxNews @dbongino #QAnon #IBOR #LockThemUp #FakeNews #Haiti @POTUS https://t.co/U3U3J9zEbZ
371,0.4374,@FoxNews,0.0,0.839,78,0.161,Sat Apr 21 23:29:47 +0000 2018,RT @JannaWilkinso69: @RealCandaceO @ledford08 @realDonaldTrump @foxandfriends @TPUSA @FoxNews @RealCandaceO I am a fan is all I can say !!‚Ä¶
372,0.6369,@FoxNews,0.0,0.769,79,0.231,Sat Apr 21 23:29:47 +0000 2018,RT @FoxNews: Dwayne 'The Rock' Johnson had the best response to a Minnesota teen's 'promposal' https://t.co/TYthCgQbPT
373,-0.8439,@FoxNews,0.403,0.597,80,0.0,Sat Apr 21 23:29:46 +0000 2018,"@j2002smith @MissTeresalam @FoxNews The Bush family destroyed this country.

To hell with THEM! #9/11"
374,0.9201,@FoxNews,0.0,0.498,81,0.502,Sat Apr 21 23:29:46 +0000 2018,@FoxNews @FLOTUS Thank you for always being so classy and dignified. Proud to call you my FLOTUS!
375,-0.2481,@FoxNews,0.213,0.656,82,0.131,Sat Apr 21 23:29:45 +0000 2018,"RT @joncoopertweets: It‚Äôs getting pretty embarrassing for @IngrahamAngle. The beleaguered @FoxNews host has lost 24 (count ‚Äòem, 24!) sponso‚Ä¶"
376,0.9617,@FoxNews,0.0,0.17,83,0.83,Sat Apr 21 23:29:44 +0000 2018,"@FoxNews HA HA HA HA HA COUGH COUGH
GOOD ONE!"
377,-0.5848,@FoxNews,0.269,0.731,84,0.0,Sat Apr 21 23:29:42 +0000 2018,RT @FoxNews: 'You Know Nothing!': @dbongino Battles Former Clinton Aide Over DNC Lawsuit https://t.co/ZiCwdoswGd https://t.co/UfKVnwhCXm
378,0.3612,@FoxNews,0.0,0.8,85,0.2,Sat Apr 21 23:29:42 +0000 2018,@Winchester92367 @ponyplayer47 @0Jebus2 @FoxNews I'd like to see proof of that
379,-0.2263,@FoxNews,0.107,0.829,86,0.063,Sat Apr 21 23:29:39 +0000 2018,@FoxNews @HillaryClinton No one let‚Äôs anybody be anything. Presidents are elected based on what people want and wha‚Ä¶ https://t.co/w6ocYRkPSP
380,0.0772,@FoxNews,0.127,0.732,87,0.141,Sat Apr 21 23:29:39 +0000 2018,"RT @IrieHarold: @RealCandaceO @realDonaldTrump @foxandfriends @TPUSA @FoxNews Keep up the good fight @RealCandaceO, everyone needs to know‚Ä¶"
381,-0.2769,@FoxNews,0.179,0.703,88,0.118,Sat Apr 21 23:29:39 +0000 2018,"@BlairDayton16 @FoxNews @FLOTUS I think you're the idiot. Traditionally POTUS don't attend FLOTUS funerals.
Donald‚Ä¶ https://t.co/60DArDvlKk"
382,0.0,@FoxNews,0.0,1.0,89,0.0,Sat Apr 21 23:29:39 +0000 2018,"RT @FoxNews: DHS reveals dozens of MS-13, other gang members released by 'sanctuary' policies https://t.co/3XjCuNsfPz"
383,-0.5994,@FoxNews,0.245,0.755,90,0.0,Sat Apr 21 23:29:38 +0000 2018,RT @SteveDavidMike2: @TiffanyHaddish @SunüåûSpecialRequest Vüå∑@GunsNRoses Civil War @AxlRose @Slash @DuffMcKagan @JimiHendrix @TheRock @KevinH‚Ä¶
384,0.0,@FoxNews,0.0,1.0,91,0.0,Sat Apr 21 23:29:37 +0000 2018,@FoxNews @dbongino  https://t.co/Ox11u5fwVg
385,0.0,@FoxNews,0.0,1.0,92,0.0,Sat Apr 21 23:29:36 +0000 2018,"@RealCandaceO @RubinReport 8 yrs of @BarackObama
Record welfare &amp; food stamps

1 yr of @realDonaldTrump
HIGHEST bla‚Ä¶ https://t.co/6FRSTD0b4P"
386,-0.3182,@FoxNews,0.247,0.753,93,0.0,Sat Apr 21 23:29:34 +0000 2018,RT @Muzzler11: @FoxNews @dbongino Desperate time for Dems
387,0.0,@FoxNews,0.0,1.0,94,0.0,Sat Apr 21 23:29:34 +0000 2018,The Orange Traitor and @FoxNews own this also.  This is what they stand for. https://t.co/2LdhJ5dJyU
388,-0.765,@FoxNews,0.423,0.577,95,0.0,Sat Apr 21 23:29:34 +0000 2018,"@kayleighmcenany @seanhannity @FoxNews @SebGorka @DouglasESchoen Oops, my bad. Wrong picture. https://t.co/JHyJCsXcBH"
389,0.1695,@FoxNews,0.0,0.919,96,0.081,Sat Apr 21 23:29:33 +0000 2018,"RT @FoxNews: .@TGowdySC: ""Jim Comey said, 'I don't do sneaky things,' except memorialize private conversations. 'I don't leak,' except when‚Ä¶"
390,-0.1027,@FoxNews,0.097,0.903,97,0.0,Sat Apr 21 23:29:32 +0000 2018,@AWestbom @FoxNews @FLOTUS And sadly.. She'll pay for that. Look for a correcting tweet soon.
391,0.5171,@FoxNews,0.0,0.787,98,0.213,Sat Apr 21 23:29:31 +0000 2018,"@dbongino I agree with you Dan about MSM not showing the #ImranAwan story, so what's @foxnews @seanhannity @IngrahamAngle excuse???"
392,-0.8225,@FoxNews,0.364,0.636,99,0.0,Sat Apr 21 23:29:30 +0000 2018,@FoxNews @realDonaldTrump @IngrahamAngle Why is there no outrage from that poor Parkland Middle School boy that was‚Ä¶ https://t.co/VsWZBoX8cM
393,0.0,@nytimes,0.0,1.0,0,0.0,Sat Apr 21 23:30:41 +0000 2018,"Spanish flag...
@DerSPIEGEL @washingtonpost @BBCWorld @FT @nytimes @guardian @libe @repubblica @lesoir @lemondefr‚Ä¶ https://t.co/OTtJ4jTlva"
394,0.0,@nytimes,0.0,1.0,1,0.0,Sat Apr 21 23:30:40 +0000 2018,RT @DrDenaGrayson: Trump calls ROGER STONE a ‚Äúdrunk/drugged up loser‚Äùü§£ after Stone tells @nytimes that Trump treated Cohen ‚Äúlike garbage.‚Äùü§®‚Ä¶
395,0.0,@nytimes,0.0,1.0,2,0.0,Sat Apr 21 23:30:40 +0000 2018,@DanRather @nytimes Swindler - not something  you see every day in an administration........
396,0.7003,@nytimes,0.0,0.721,3,0.279,Sat Apr 21 23:30:39 +0000 2018,@PodAwful @elizabeth9139 @nanglish @nytimes All my 38 years with many guy friends and healthy relationships? I foun‚Ä¶ https://t.co/sdZLSA9sYs
397,-0.6705,@nytimes,0.29,0.71,4,0.0,Sat Apr 21 23:30:39 +0000 2018,RT @tomorrows_truth: @mediacrooks @nytimes This is USA statistics for child rapes https://t.co/3mdNrDzGSk
398,0.0,@nytimes,0.0,1.0,5,0.0,Sat Apr 21 23:30:36 +0000 2018,RT @nytimes: Exposures: The Real Cost of Cheap Shirts https://t.co/lXjLK9VX7f
399,0.0,@nytimes,0.0,1.0,6,0.0,Sat Apr 21 23:30:35 +0000 2018,RT @MeiniDanilo: @JRothenbergTV @TheCW @cwthe100 @warnerbrostv @WarnerBrosEnt @timscanlan @DrLawyercop @The100writers @glaad @PFLAG @BuzzFe‚Ä¶
400,-0.6908,@nytimes,0.251,0.749,7,0.0,Sat Apr 21 23:30:35 +0000 2018,"RT @tedlieu: It is #SaturdayMorning. That means @realDonaldTrump does another angry rant, this time about @nytimes reporter Maggie Haberman‚Ä¶"
401,0.0,@nytimes,0.0,1.0,8,0.0,Sat Apr 21 23:30:34 +0000 2018,RT @Willis_Hubbard_: @adair1946 @Irysdawn @elaineyvette1 @Lololupus @CHHolte @andrerucker51 @lindammeyrs2001 @BarReNaples @PDelarios @cleot‚Ä¶
402,-0.7506,@nytimes,0.274,0.726,9,0.0,Sat Apr 21 23:30:32 +0000 2018,RT @Pran_0: @Jaunporia @mediacrooks @nytimes And @deanbaquet's team attempted &amp; failed miserably to install that president's wife in Whiteh‚Ä¶
403,-0.5574,@nytimes,0.153,0.847,10,0.0,Sat Apr 21 23:30:31 +0000 2018,"RT @nytimes: A week before Prince died, a paramedic revived him from an overdose. The paramedic asked Prince how he felt. Prince's trusted‚Ä¶"
404,0.0935,@nytimes,0.114,0.757,11,0.129,Sat Apr 21 23:30:30 +0000 2018,RT @Pran_0: @mediacrooks @nytimes So much ducking virtue signalling by @nytimes..An employee covering Hillary cries on election day &amp; write‚Ä¶
405,-0.0772,@nytimes,0.131,0.751,12,0.117,Sat Apr 21 23:30:29 +0000 2018,"@rizwan_rameel @Donaloconnellq @nytimes The officer had a freaking taser on him. He uses that, like he should have‚Ä¶ https://t.co/4HR05GT1Zs"
406,-0.6124,@nytimes,0.167,0.833,13,0.0,Sat Apr 21 23:30:28 +0000 2018,RT @KittuKrithika: Too many racist bigots masquerading as liberals preaching others on equality. One such is @AudreyTruschke and other is @‚Ä¶
407,0.0,@nytimes,0.0,1.0,14,0.0,Sat Apr 21 23:30:26 +0000 2018,@nytimes My @marksandspencer jeans were made in Bangladesh. üòî
408,0.8016,@nytimes,0.0,0.736,15,0.264,Sat Apr 21 23:30:24 +0000 2018,"RT @AbodeOfLakshmi: @mediacrooks @nytimes Yes, this is the best example of how the Western media demeans anything Indian! 
It's high time t‚Ä¶"
409,0.5106,@nytimes,0.0,0.852,16,0.148,Sat Apr 21 23:30:23 +0000 2018,"RT @nytimes: Fancy homes, lobbyists and a shell company: Scott Pruitt‚Äôs political past in Oklahoma contains echoes of his ethical pitfalls‚Ä¶"
410,-0.8442,@nytimes,0.31,0.69,17,0.0,Sat Apr 21 23:30:21 +0000 2018,RT @nytimes: A sheriff‚Äôs deputy who shot and killed an unarmed black man in Houston last month has been fired https://t.co/bOOUbeqrmy
411,0.0,@nytimes,0.0,1.0,18,0.0,Sat Apr 21 23:30:21 +0000 2018,RT @tomorrows_truth: @PongalVadaa @mediacrooks @nytimes https://t.co/evsRGY4FaV(X(1)S(kagptetqbmhzy2jxwglhkpiv))/en-US/Education/FactsStati‚Ä¶
412,0.6249,@nytimes,0.0,0.76,19,0.24,Sat Apr 21 23:30:20 +0000 2018,RT @nytimes: A few simple tips for getting capturing a great video on your phone https://t.co/zBeyvqfdmK
413,0.0,@nytimes,0.0,1.0,20,0.0,Sat Apr 21 23:30:19 +0000 2018,RT @_CFJ_: @mike_pence @Delo_Taylor @marclamonthill @JoyAnnReid @donlemon @NAACP @BET @OfficialCBC @Kaepernick7 @nflcommish @MalcolmJenkins‚Ä¶
414,-0.6705,@nytimes,0.184,0.816,21,0.0,Sat Apr 21 23:30:19 +0000 2018,RT @ramgopaldass_77: @mediacrooks @nytimes Very true....the filth of @nytimes should look in their own backyard on incidents of rapes. So m‚Ä¶
415,0.0,@nytimes,0.0,1.0,22,0.0,Sat Apr 21 23:30:19 +0000 2018,RT @Willis_Hubbard_: @adair1946 @Irysdawn @elaineyvette1 @Lololupus @CHHolte @andrerucker51 @lindammeyrs2001 @BarReNaples @PDelarios @cleot‚Ä¶
416,-0.8176,@nytimes,0.291,0.635,23,0.074,Sat Apr 21 23:30:17 +0000 2018,RT @mandarbooks: @mediacrooks @nytimes Also read the book üìö O‚ÄôReilly maximum rape murders in USA creating world record with 1/4 of India po‚Ä¶
417,0.7264,@nytimes,0.0,0.724,24,0.276,Sat Apr 21 23:30:16 +0000 2018,RT @BnPrashanthbn: @mediacrooks @nytimes Well @vindugoel is very happy with @realDonaldTrump since the President does a daily briefing cond‚Ä¶
418,-0.6908,@nytimes,0.251,0.749,25,0.0,Sat Apr 21 23:30:14 +0000 2018,"RT @tedlieu: It is #SaturdayMorning. That means @realDonaldTrump does another angry rant, this time about @nytimes reporter Maggie Haberman‚Ä¶"
419,0.0,@nytimes,0.0,1.0,26,0.0,Sat Apr 21 23:30:12 +0000 2018,RT @MeiniDanilo: @JRothenbergTV @TheCW @cwthe100 @warnerbrostv @WarnerBrosEnt @timscanlan @DrLawyercop @The100writers @glaad @PFLAG @BuzzFe‚Ä¶
420,0.431,@nytimes,0.0,0.885,27,0.115,Sat Apr 21 23:30:12 +0000 2018,@IutaroG @nytopinion @nytimes Her opinion why many women didn't turn out to vote for Hillary. Because she didn't kick his ass to curb.
421,0.7378,@nytimes,0.0,0.771,28,0.229,Sat Apr 21 23:30:11 +0000 2018,"@nytimes I can‚Äôt focus! This is so good it evolkes memories of ‚ÄúFeel the beat of the rhythm of the night..‚Äù Yeah, I‚Ä¶ https://t.co/vumYkC4EQR"
422,-0.3887,@nytimes,0.127,0.809,29,0.064,Sat Apr 21 23:30:09 +0000 2018,RT @ramgopaldass_77: @mediacrooks @nytimes And not to forget another sick cartoon by the pigs of NYT that portrayed India as an elephant st‚Ä¶
423,0.0,@nytimes,0.0,1.0,30,0.0,Sat Apr 21 23:30:08 +0000 2018,https://t.co/KJJ55BpDvR¬†@eBay @youtube @Facebook @cnn @BBCBreaking @google @BBCWorld @twitter @cnnbrk @nytimes‚Ä¶ https://t.co/2aJVa35Qn4
424,-0.6369,@nytimes,0.189,0.756,31,0.055,Sat Apr 21 23:30:05 +0000 2018,RT @swatrisha: @tomorrows_truth @mediacrooks @nytimes Pls add -Thousands of rapes in Colleges every year which are masked as consensual sex‚Ä¶
425,-0.2532,@nytimes,0.132,0.773,32,0.095,Sat Apr 21 23:30:05 +0000 2018,"RT @Hoosiers1986: I'm sick of #fakenews too @POTUS!

The @nytimes is a third rate paper so I'm sure Maggie Haberman is a third rate reporte‚Ä¶"
426,-0.6808,@nytimes,0.219,0.781,33,0.0,Sat Apr 21 23:30:05 +0000 2018,"RT @nytimes: President Trump, in a series of tweets, criticized this article that described his years of poor treatment of his longtime per‚Ä¶"
427,-0.4574,@nytimes,0.187,0.813,34,0.0,Sat Apr 21 23:30:04 +0000 2018,"@CNN @BBCWorld @nytimes @washingtonpost @hrw @UNHumanRights @EU_Commission 
damn israel!
I and EVERY SINLGE MUSLIM‚Ä¶ https://t.co/Bt4PypI1xH"
428,0.0,@nytimes,0.0,1.0,35,0.0,Sat Apr 21 23:30:04 +0000 2018,.@nytimes https://t.co/2ru6NijIvt
429,0.6288,@nytimes,0.0,0.756,36,0.244,Sat Apr 21 23:30:02 +0000 2018,"RT @KVN_athreya: @mediacrooks Ppl like @vindugoel  may prefer to be a ""Proud Slave"" to Racist/ Indiaphobic @nytimes , but not all. No one d‚Ä¶"
430,0.0,@nytimes,0.0,1.0,37,0.0,Sat Apr 21 23:30:01 +0000 2018,"RT @nytimes: Dean Baquet, our executive editor, said our article ""is filled with named quotes on the record."" Everything @maggieNYT ""has re‚Ä¶"
431,-0.5267,@nytimes,0.274,0.726,38,0.0,Sat Apr 21 23:30:00 +0000 2018,@CNN @ABC @CBS @NBCNews @nytimes @washingtonpost ‚¨ÖÔ∏è Stupid AF https://t.co/eLVYNkc1Ex
432,-0.128,@nytimes,0.09,0.84,39,0.07,Sat Apr 21 23:30:00 +0000 2018,RT @EuphonyTunes: @mediacrooks Ha...ha....US media can sniff crime in far away land like India but cannot smell the odour coming out of the‚Ä¶
433,0.6486,@nytimes,0.0,0.704,40,0.296,Sat Apr 21 23:30:00 +0000 2018,"For decades, marriage to a United States citizen has been a virtual guarantee of legal residency. The @nytimes repo‚Ä¶ https://t.co/KCtlhGXjEf"
434,0.0,@nytimes,0.0,1.0,41,0.0,Sat Apr 21 23:30:00 +0000 2018,RT @elaineyvette1: @adair1946 @lindammeyrs2001 @BarReNaples @CHHolte @PDelarios @cleotiger17 @Willis_Hubbard_ @SandySnoble63 @irenedorsey32‚Ä¶
435,-0.6908,@nytimes,0.251,0.749,42,0.0,Sat Apr 21 23:30:00 +0000 2018,"RT @tedlieu: It is #SaturdayMorning. That means @realDonaldTrump does another angry rant, this time about @nytimes reporter Maggie Haberman‚Ä¶"
436,0.0,@nytimes,0.0,1.0,43,0.0,Sat Apr 21 23:29:58 +0000 2018,"RT @SiemonKlaus: #Spanien #camisetagroc
Ein Staat, der Angst vor gelben Hemden hat, sollte nicht Mitglied der #EU sein und Herr #Juncker, d‚Ä¶"
437,0.0,@nytimes,0.0,1.0,44,0.0,Sat Apr 21 23:29:57 +0000 2018,"RT @nytimes: President Trump also said that ‚ÄúI don‚Äôt speak to‚Äù Maggie Haberman and ‚Äúhave nothing to do‚Äù with her. In fact, she has intervie‚Ä¶"
438,0.0,@nytimes,0.0,1.0,45,0.0,Sat Apr 21 23:29:55 +0000 2018,RT @elaineyvette1: @CHHolte @adair1946 @lindammeyrs2001 @BarReNaples @PDelarios @cleotiger17 @Willis_Hubbard_ @SandySnoble63 @irenedorsey32‚Ä¶
439,-0.2532,@nytimes,0.132,0.773,46,0.095,Sat Apr 21 23:29:47 +0000 2018,"RT @Hoosiers1986: I'm sick of #fakenews too @POTUS!

The @nytimes is a third rate paper so I'm sure Maggie Haberman is a third rate reporte‚Ä¶"
440,0.0,@nytimes,0.0,1.0,47,0.0,Sat Apr 21 23:29:44 +0000 2018,"RT @nytimes: President Trump also said that ‚ÄúI don‚Äôt speak to‚Äù Maggie Haberman and ‚Äúhave nothing to do‚Äù with her. In fact, she has intervie‚Ä¶"
441,0.34,@nytimes,0.0,0.902,48,0.098,Sat Apr 21 23:29:44 +0000 2018,RT @DanRather: The fetid brew of money and politics certainly isn't new. But the sheer audacity of the allegations surrounding Pruitt at th‚Ä¶
442,0.0,@nytimes,0.0,1.0,49,0.0,Sat Apr 21 23:29:42 +0000 2018,RT @MeiniDanilo: @JRothenbergTV @TheCW @cwthe100 @warnerbrostv @WarnerBrosEnt @timscanlan @DrLawyercop @The100writers @glaad @PFLAG @BuzzFe‚Ä¶
443,0.0,@nytimes,0.0,1.0,50,0.0,Sat Apr 21 23:29:41 +0000 2018,RT @TheBeliever2018: @mediacrooks @nytimes Arre Dumbo's candle march ..his own drunken sis was fondled... and a few others too.... and they‚Ä¶
444,0.0,@nytimes,0.0,1.0,51,0.0,Sat Apr 21 23:29:41 +0000 2018,RT @CHHolte: @elaineyvette1 @adair1946 @lindammeyrs2001 @BarReNaples @PDelarios @cleotiger17 @Willis_Hubbard_ @SandySnoble63 @irenedorsey32‚Ä¶
445,0.0,@nytimes,0.0,1.0,52,0.0,Sat Apr 21 23:29:37 +0000 2018,"RT @nytimes: Scott Pruitt met personally last year with J. Steven Hart, the lobbyist whose wife had rented him a $50-a-night condo, a discl‚Ä¶"
446,0.0,@nytimes,0.0,1.0,53,0.0,Sat Apr 21 23:29:36 +0000 2018,RT @Eemunchagote: @CHHolte @elaineyvette1 @adair1946 @lindammeyrs2001 @BarReNaples @PDelarios @cleotiger17 @Willis_Hubbard_ @SandySnoble63‚Ä¶
447,-0.754,@nytimes,0.446,0.554,54,0.0,Sat Apr 21 23:29:36 +0000 2018,"This is nasty!
Catalan independence don't respect anyone.
@nytimes https://t.co/kOqyZhY04F"
448,0.3612,@nytimes,0.0,0.878,55,0.122,Sat Apr 21 23:29:35 +0000 2018,@nytimes I like to see everyone infantilizing this woman and assuming she didn‚Äôt make this choice herself and then‚Ä¶ https://t.co/HdJNFY7u1D
449,0.0,@nytimes,0.0,1.0,56,0.0,Sat Apr 21 23:29:30 +0000 2018,"RT @nytimes: In Message to Trump, Europe and Mexico Announce Trade Pact https://t.co/vnpgRHcygn"
450,0.0258,@nytimes,0.128,0.741,57,0.132,Sat Apr 21 23:29:24 +0000 2018,RT @KrisParonto: What‚Äôs sad is that this is a pretty dang accurate assessment üò°üòû @CNN @DNC @MSNBC @nytimes @washingtonpost @Salon @voxdotco‚Ä¶
451,0.0,@nytimes,0.0,1.0,58,0.0,Sat Apr 21 23:29:24 +0000 2018,RT @andrerucker51: @Eemunchagote @CHHolte @elaineyvette1 @adair1946 @lindammeyrs2001 @BarReNaples @PDelarios @cleotiger17 @Willis_Hubbard_‚Ä¶
452,0.0,@nytimes,0.0,1.0,59,0.0,Sat Apr 21 23:29:20 +0000 2018,RT @Hoping2HelpMom: @JoyAnnReid @amjoyshow @maddow @CNN @MSNBC @nytimes @washingtonpost @Lawrence @RWPUSA @AriMelber @TheBeatWithAri @Chris‚Ä¶
453,0.34,@nytimes,0.0,0.902,60,0.098,Sat Apr 21 23:29:16 +0000 2018,RT @DanRather: The fetid brew of money and politics certainly isn't new. But the sheer audacity of the allegations surrounding Pruitt at th‚Ä¶
454,0.0,@nytimes,0.0,1.0,61,0.0,Sat Apr 21 23:29:14 +0000 2018,RT @elaineyvette1: @andrerucker51 @Eemunchagote @CHHolte @adair1946 @lindammeyrs2001 @BarReNaples @PDelarios @cleotiger17 @Willis_Hubbard_‚Ä¶
455,0.0,@nytimes,0.0,1.0,62,0.0,Sat Apr 21 23:29:13 +0000 2018,RT @Marlene_Senna: Para condenar Lula ju√≠zes se basearam em notas FALSAS como prova @theintercept @tvi24pt @teleSURtv @nytimes @guardian @B‚Ä¶
456,0.0,@nytimes,0.0,1.0,63,0.0,Sat Apr 21 23:29:13 +0000 2018,RT @_CFJ_: @mike_pence @Delo_Taylor @marclamonthill @JoyAnnReid @donlemon @NAACP @BET @OfficialCBC @Kaepernick7 @nflcommish @MalcolmJenkins‚Ä¶
457,0.0,@nytimes,0.0,1.0,64,0.0,Sat Apr 21 23:29:13 +0000 2018,The Real Cost of Cheap Shirts   via @NYTimes https://t.co/0v8BF7kHvA
458,0.0,@nytimes,0.0,1.0,65,0.0,Sat Apr 21 23:29:11 +0000 2018,@3Conservative @KrisParonto @CNN @DNC @MSNBC @nytimes @washingtonpost @Salon @voxdotcom @chelseahandler @TheView‚Ä¶ https://t.co/JxfrzjDNcV
459,0.0,@nytimes,0.0,1.0,66,0.0,Sat Apr 21 23:29:11 +0000 2018,"RT @nytimes: According to 911 records, approximately 2 minutes after the men entered the store, the police were called https://t.co/u84fLY4‚Ä¶"
460,0.0,@nytimes,0.0,1.0,67,0.0,Sat Apr 21 23:29:08 +0000 2018,RT @_CFJ_: @mike_pence @Delo_Taylor @marclamonthill @JoyAnnReid @donlemon @NAACP @BET @OfficialCBC @Kaepernick7 @nflcommish @MalcolmJenkins‚Ä¶
461,0.4019,@nytimes,0.0,0.886,68,0.114,Sat Apr 21 23:29:06 +0000 2018,"RT @brianstelter: ""In some ways, writing about 1954 was an interesting way to write about 2018."" @JakeTapper, debut novelist, profiled in t‚Ä¶"
462,0.0,@nytimes,0.0,1.0,69,0.0,Sat Apr 21 23:29:05 +0000 2018,RT @nytimes: Exposures: The Real Cost of Cheap Shirts https://t.co/lXjLK9VX7f
463,0.0,@nytimes,0.0,1.0,70,0.0,Sat Apr 21 23:29:04 +0000 2018,RT @Magnoliagirl94: @_SierraWhiskee @Hoosiers1986 @POTUS @nytimes @StacyLStiles @LVNancy @ClintonMSix14 @carrieksada @VFL2013 @kwilli1046 @‚Ä¶
464,0.0,@nytimes,0.0,1.0,71,0.0,Sat Apr 21 23:29:03 +0000 2018,RT @Willis_Hubbard_: @cleotiger17 @elaineyvette1 @andrerucker51 @Eemunchagote @CHHolte @adair1946 @lindammeyrs2001 @BarReNaples @PDelarios‚Ä¶
465,0.0,@nytimes,0.0,1.0,72,0.0,Sat Apr 21 23:29:01 +0000 2018,"RT @Franklin_Graham: One man on @SouthwestAir Flight 1380 said he prayed, ‚ÄúDear Jesus, send some angels.‚Äù @NYTimes talks about how passenge‚Ä¶"
466,0.0,@nytimes,0.0,1.0,73,0.0,Sat Apr 21 23:29:00 +0000 2018,@GregSherrow @frontlinepbs @PBS @NPR @60Minutes @MeetThePress @MSNBC @latimes @nytimes @washingtonpost @sfchronicle‚Ä¶ https://t.co/kdQv8ppHOn
467,0.0,@nytimes,0.0,1.0,74,0.0,Sat Apr 21 23:29:00 +0000 2018,RT @Cfiallos8: @nbc @BBCBreaking @CNN @BBC_HaveYourSay @HoustonChron @nytimes @washingtonpost @BBCWorld @HuffPost what's happening in #nica‚Ä¶
468,0.0,@nytimes,0.0,1.0,75,0.0,Sat Apr 21 23:28:59 +0000 2018,RT @MeiniDanilo: @JRothenbergTV @TheCW @cwthe100 @warnerbrostv @WarnerBrosEnt @timscanlan @DrLawyercop @The100writers @glaad @PFLAG @BuzzFe‚Ä¶
469,0.6486,@nytimes,0.0,0.654,76,0.346,Sat Apr 21 23:28:55 +0000 2018,RT @nytimes: Works in Progress: Dance Like the Principal Is Watching https://t.co/aH9q83Lvbk
470,0.0,@nytimes,0.0,1.0,77,0.0,Sat Apr 21 23:28:54 +0000 2018,RT @JWaReesS: @cleotiger17 @MishMashB1 @bannerite @PearlieMaeJones @recDNA @Trumpgot2go @Willis_Hubbard_ @Lololupus @irenedorsey321 @ERMA__‚Ä¶
471,-0.7443,@nytimes,0.276,0.636,78,0.088,Sat Apr 21 23:28:50 +0000 2018,"@burt_joyce @nytimes 
You are so crazy you sound like a parody of a human being.
Of course cops who kill unarmed pe‚Ä¶ https://t.co/aYfmzW68rr"
472,-0.6597,@nytimes,0.161,0.839,79,0.0,Sat Apr 21 23:28:50 +0000 2018,"RT @nytimes: At the 13th annual exorcism conference in Rome, instructions include ""how to yell at the devil, rid Muslims of black magic and‚Ä¶"
473,-0.8442,@nytimes,0.31,0.69,80,0.0,Sat Apr 21 23:28:49 +0000 2018,RT @nytimes: A sheriff‚Äôs deputy who shot and killed an unarmed black man in Houston last month has been fired https://t.co/bOOUbeqrmy
474,0.0,@nytimes,0.0,1.0,81,0.0,Sat Apr 21 23:28:42 +0000 2018,"RT @nytimes: President Trump also said that ‚ÄúI don‚Äôt speak to‚Äù Maggie Haberman and ‚Äúhave nothing to do‚Äù with her. In fact, she has intervie‚Ä¶"
475,0.0,@nytimes,0.0,1.0,82,0.0,Sat Apr 21 23:28:39 +0000 2018,RT @JWaReesS: @cleotiger17 @MishMashB1 @bannerite @PearlieMaeJones @recDNA @Trumpgot2go @Willis_Hubbard_ @Lololupus @irenedorsey321 @ERMA__‚Ä¶
476,0.0258,@nytimes,0.128,0.741,83,0.132,Sat Apr 21 23:28:38 +0000 2018,RT @KrisParonto: What‚Äôs sad is that this is a pretty dang accurate assessment üò°üòû @CNN @DNC @MSNBC @nytimes @washingtonpost @Salon @voxdotco‚Ä¶
477,0.0,@nytimes,0.0,1.0,84,0.0,Sat Apr 21 23:28:37 +0000 2018,RT @MishMashB1: @cleotiger17 @bannerite @JWaReesS @PearlieMaeJones @recDNA @Trumpgot2go @Willis_Hubbard_ @Lololupus @irenedorsey321 @ERMA__‚Ä¶
478,0.0,@nytimes,0.0,1.0,85,0.0,Sat Apr 21 23:28:37 +0000 2018,RT @MeiniDanilo: @JRothenbergTV @TheCW @cwthe100 @warnerbrostv @WarnerBrosEnt @timscanlan @DrLawyercop @The100writers @glaad @PFLAG @BuzzFe‚Ä¶
479,0.0,@nytimes,0.0,1.0,86,0.0,Sat Apr 21 23:28:35 +0000 2018,RT @nytimes: Exposures: The Real Cost of Cheap Shirts https://t.co/lXjLK9VX7f
480,0.296,@nytimes,0.0,0.891,87,0.109,Sat Apr 21 23:28:35 +0000 2018,"RT @BanquoDyar: @RonBrownstein I think we know - impeachment would start immediately, Fox News would discuss 24/7, @nytimes would join in,‚Ä¶"
481,0.0,@nytimes,0.0,1.0,88,0.0,Sat Apr 21 23:28:34 +0000 2018,@JulianAssange @BBCBreaking @AlJazeera @cnnbrk @guardian @nytimes @washingtonpost @lesoir @libe @Le_Figaro‚Ä¶ https://t.co/0VGeUkO0Z6
482,0.3612,@nytimes,0.0,0.884,89,0.116,Sat Apr 21 23:28:32 +0000 2018,"RT @nytimes: Although we tend to think of vegetables as a savory food, every vegetable has a natural range of sugar https://t.co/kQMg4Hugac"
483,0.0,@nytimes,0.0,1.0,90,0.0,Sat Apr 21 23:28:32 +0000 2018,RT @cleotiger17: @MishMashB1 @bannerite @JWaReesS @PearlieMaeJones @recDNA @Trumpgot2go @Willis_Hubbard_ @Lololupus @irenedorsey321 @ERMA__‚Ä¶
484,0.5574,@nytimes,0.073,0.733,91,0.193,Sat Apr 21 23:28:31 +0000 2018,"RT @FilmCritHULK: Dear @nytimes For the last time there is no such thing as ""The Friend Zone."" You are putting someone in ""The Girlfriend Z‚Ä¶"
485,0.0,@nytimes,0.0,1.0,92,0.0,Sat Apr 21 23:28:31 +0000 2018,RT @nytimes: Exposures: The Real Cost of Cheap Shirts https://t.co/lXjLK9VX7f
486,-0.6908,@nytimes,0.251,0.749,93,0.0,Sat Apr 21 23:28:31 +0000 2018,"RT @tedlieu: It is #SaturdayMorning. That means @realDonaldTrump does another angry rant, this time about @nytimes reporter Maggie Haberman‚Ä¶"
487,-0.6249,@nytimes,0.247,0.667,94,0.086,Sat Apr 21 23:28:28 +0000 2018,"The Aurora Public Library has hate speech on display as ""art"". To display this is creating a hostile work environme‚Ä¶ https://t.co/GYk5i6A4GV"
488,0.0,@nytimes,0.0,1.0,95,0.0,Sat Apr 21 23:28:28 +0000 2018,RT @JWaReesS: @cleotiger17 @MishMashB1 @bannerite @PearlieMaeJones @recDNA @Trumpgot2go @Willis_Hubbard_ @Lololupus @irenedorsey321 @ERMA__‚Ä¶
489,0.1027,@nytimes,0.0,0.924,96,0.076,Sat Apr 21 23:28:27 +0000 2018,Shades of Dewey. Wonder if there were any early editions printed? @nytimes in anticipation of a victorious historic‚Ä¶ https://t.co/ReHteElKtz
490,0.5106,@nytimes,0.0,0.852,97,0.148,Sat Apr 21 23:28:26 +0000 2018,"RT @nytimes: Fancy homes, lobbyists and a shell company: Scott Pruitt‚Äôs political past in Oklahoma contains echoes of his ethical pitfalls‚Ä¶"
491,0.0,@nytimes,0.0,1.0,98,0.0,Sat Apr 21 23:28:25 +0000 2018,RT @recDNA: @Willis_Hubbard_ @cleotiger17 @JWaReesS @MishMashB1 @bannerite @PearlieMaeJones @Trumpgot2go @Lololupus @irenedorsey321 @ERMA__‚Ä¶
492,0.0,@nytimes,0.0,1.0,99,0.0,Sat Apr 21 23:28:24 +0000 2018,"RT @RafaelNorma: @lbasaguren #Gracias_por_tu_Gentil_RT/
@lopezobador_ #No_Oye_a_nadie $ordo a toda #cr√≠tica @Milenio #lajor_meada @LaRazonM‚Ä¶"
